Населба,Квадратура,Соби,Спрат,Лифт,Греење,Паркинг,Цена (EUR)
1,75.0,4,4,0.0,1.0,1.0,43500.0
30,145.0,5,0,0.0,1.0,1.0,95000.0
36,101.0,6,11,1.0,1.0,1.0,80000.0
30,68.0,3,4,1.0,1.0,1.0,47600.0
6,86.0,4,4,1.0,1.0,1.0,78000.0
2,80.0,"3,5",0,1.0,1.0,1.0,79000.0
2,84.0,3,1,1.0,1.0,0.0,77700.0
2,62.0,2,5,1.0,1.0,1.0,67000.0
1,55.0,3,2,1.0,0.0,0.0,42000.0
8,91.0,2,2,0.0,1.0,1.0,95000.0
2,60.0,3,3,0.0,1.0,1.0,60000.0
1,52.0,2,0,0.0,1.0,1.0,36500.0
2,102.0,"4,5",6,1.0,1.0,1.0,91800.0
1,68.0,3,4,0.0,1.0,1.0,50000.0
2,66.0,3,2,1.0,1.0,1.0,75000.0
5,56.0,2,0,1.0,1.0,0.0,63000.0
6,78.0,2,6,1.0,1.0,1.0,82500.0
10,67.0,2,0,0.0,1.0,1.0,48000.0
6,74.0,2,5,1.0,1.0,1.0,99900.0
36,70.0,2,4,0.0,1.0,1.0,49000.0
6,72.0,3,4,0.0,1.0,1.0,62000.0
8,82.0,3,6,1.0,1.0,0.0,102500.0
36,67.0,"2,5",1,0.0,1.0,1.0,40000.0
6,82.0,3,1,0.0,1.0,0.0,70000.0
8,142.0,4,5,1.0,1.0,1.0,125000.0
6,65.0,3,2,0.0,1.0,0.0,63700.0
11,88.0,4,4,0.0,1.0,1.0,50000.0
6,59.0,3,3,1.0,1.0,1.0,65490.0
2,75.0,4,3,0.0,1.0,1.0,65000.0
2,56.0,3,3,1.0,1.0,0.0,64344.0
6,86.0,"3,5",3,0.0,1.0,1.0,83500.0
5,73.0,3,2,1.0,1.0,1.0,66000.0
6,66.0,3,2,0.0,1.0,1.0,59000.0
1,80.0,"3,5",3,0.0,1.0,0.0,70000.0
8,76.0,3,0,0.0,1.0,1.0,76000.0
8,76.0,3,1,0.0,1.0,1.0,76000.0
8,76.0,2,1,0.0,1.0,1.0,76000.0
6,69.0,2,1,0.0,1.0,1.0,69000.0
8,62.0,2,4,1.0,1.0,0.0,75640.0
2,38.0,1,2,1.0,1.0,0.0,45500.0
8,83.0,4,2,1.0,1.0,1.0,72210.0
8,66.0,"2,5",1,1.0,1.0,1.0,75900.0
8,40.0,2,3,1.0,1.0,1.0,38000.0
8,89.0,"2,5",7,1.0,1.0,1.0,50000.0
5,69.0,3,4,1.0,1.0,1.0,89700.0
8,96.0,4,2,1.0,1.0,1.0,96000.0
2,40.0,"2,5",8,1.0,1.0,1.0,39000.0
1,75.0,4,4,0.0,1.0,1.0,43500.0
1,75.0,4,4,0.0,1.0,1.0,43500.0
36,67.0,3,1,0.0,1.0,1.0,46000.0
5,55.0,2,4,1.0,1.0,1.0,50000.0
2,66.0,"2,5",2,1.0,1.0,1.0,63000.0
1,41.0,2,3,0.0,1.0,1.0,9000.0
1,40.0,"2,5",3,0.0,1.0,1.0,9000.0
2,48.0,"1,5",5,1.0,1.0,1.0,51500.0
8,101.0,4,6,0.0,0.0,0.0,95000.0
2,80.0,"3,5",0,1.0,1.0,1.0,79000.0
8,85.0,4,5,1.0,1.0,0.0,97750.0
8,115.0,4,2,1.0,1.0,0.0,115000.0
8,85.0,4,5,1.0,1.0,0.0,97750.0
8,88.0,3,3,1.0,0.0,1.0,107000.0
8,104.0,4,5,0.0,1.0,1.0,88000.0
8,50.0,2,5,1.0,1.0,1.0,16000.0
8,50.0,2,5,1.0,1.0,1.0,20000.0
2,81.0,4,5,0.0,1.0,1.0,57000.0
6,102.0,3,5,1.0,1.0,0.0,110000.0
2,59.0,3,8,1.0,1.0,1.0,67850.0
30,39.0,1,9,1.0,1.0,0.0,27999.0
5,51.0,2,3,1.0,1.0,0.0,60000.0
30,77.0,4,0,0.0,1.0,1.0,60000.0
6,74.0,2,2,0.0,1.0,0.0,74000.0
2,67.0,3,4,1.0,1.0,1.0,77050.0
5,85.0,4,2,0.0,1.0,0.0,74800.0
30,120.0,5,4,0.0,1.0,1.0,80000.0
2,54.0,3,10,1.0,1.0,1.0,66000.0
30,39.0,2,2,0.0,1.0,0.0,29500.0
1,88.0,4,4,1.0,1.0,0.0,61600.0
6,75.0,3,5,1.0,1.0,1.0,78750.0
1,55.0,3,4,0.0,1.0,0.0,38000.0
2,63.0,3,7,1.0,1.0,1.0,63000.0
37,80.0,3,2,1.0,1.0,1.0,70000.0
5,54.0,2,2,0.0,1.0,1.0,53500.0
2,47.0,2,5,1.0,1.0,1.0,45000.0
8,56.0,2,2,1.0,1.0,1.0,57000.0
5,61.0,2,3,1.0,1.0,1.0,6499.0
5,72.0,"3,5",1,1.0,1.0,1.0,56000.0
8,60.0,3,2,1.0,1.0,0.0,84000.0
10,74.0,4,0,1.0,1.0,1.0,56500.0
2,43.0,2,7,1.0,1.0,1.0,49450.0
2,66.0,3,4,0.0,1.0,1.0,54000.0
8,94.0,"3,5",5,1.0,1.0,1.0,111000.0
2,105.0,3,7,1.0,1.0,1.0,103950.0
6,61.0,"2,5",4,0.0,1.0,1.0,49999.0
6,55.0,2,3,0.0,1.0,1.0,44000.0
6,50.0,2,1,1.0,1.0,1.0,65000.0
1,43.0,2,4,1.0,1.0,1.0,39000.0
1,78.0,3,4,0.0,1.0,1.0,64000.0
1,41.0,2,3,0.0,1.0,1.0,9000.0
8,40.0,2,0,0.0,1.0,0.0,52000.0
10,76.0,3,1,0.0,1.0,1.0,66120.0
8,60.0,3,2,1.0,1.0,0.0,84000.0
6,55.0,"2,5",0,0.0,1.0,1.0,48000.0
2,97.0,4,0,1.0,1.0,1.0,105000.0
2,80.0,3,7,1.0,1.0,0.0,115000.0
2,97.0,4,0,1.0,1.0,1.0,105000.0
5,51.0,2,4,1.0,1.0,1.0,50000.0
5,59.0,2,0,1.0,1.0,0.0,68145.0
5,58.0,2,1,1.0,1.0,1.0,66990.0
2,62.0,3,14,1.0,1.0,1.0,72000.0
2,62.0,3,14,1.0,1.0,1.0,72000.0
2,62.0,3,14,1.0,1.0,1.0,72000.0
5,106.0,4,4,1.0,1.0,0.0,106000.0
6,107.0,3,9,1.0,1.0,0.0,112350.0
2,80.0,4,9,1.0,1.0,1.0,115000.0
2,63.0,3,6,1.0,1.0,0.0,66150.0
2,44.0,2,7,1.0,1.0,0.0,46200.0
2,72.0,3,9,1.0,1.0,1.0,59000.0
8,90.0,3,9,1.0,1.0,1.0,106000.0
2,69.0,3,0,1.0,1.0,1.0,72000.0
8,50.0,2,2,1.0,1.0,1.0,62500.0
8,74.0,3,6,1.0,1.0,0.0,85100.0
8,34.0,2,0,1.0,1.0,0.0,39000.0
5,63.0,3,5,1.0,1.0,1.0,59850.0
6,80.0,3,2,0.0,1.0,1.0,95000.0
1,71.0,3,4,1.0,1.0,1.0,70000.0
5,63.0,3,6,1.0,1.0,1.0,63000.0
6,95.0,4,6,1.0,1.0,1.0,101000.0
5,82.0,3,1,1.0,1.0,1.0,76260.0
8,28.0,1,1,0.0,1.0,1.0,2200.0
8,40.0,"1,5",3,0.0,1.0,0.0,54000.0
30,91.0,3,6,1.0,1.0,1.0,73000.0
5,33.0,2,7,1.0,1.0,1.0,43900.0
5,35.0,2,2,0.0,1.0,1.0,38000.0
8,60.0,2,2,1.0,1.0,0.0,70000.0
5,64.0,2,4,1.0,1.0,1.0,67000.0
2,88.0,3,4,1.0,1.0,0.0,95000.0
5,72.0,"3,5",1,1.0,1.0,1.0,56000.0
5,66.0,3,5,0.0,1.0,1.0,47000.0
2,72.0,"3,5",5,1.0,1.0,1.0,78000.0
6,78.0,5,1,0.0,1.0,1.0,93600.0
6,72.0,3,4,0.0,1.0,1.0,62000.0
8,54.0,2,6,1.0,1.0,1.0,81000.0
2,91.0,"3,5",7,1.0,1.0,0.0,84999.0
5,40.0,2,3,1.0,1.0,0.0,44000.0
2,84.0,3,6,1.0,1.0,1.0,74000.0
5,49.0,2,4,1.0,1.0,1.0,53900.0
6,74.0,2,2,0.0,1.0,0.0,74000.0
5,55.0,2,8,1.0,1.0,1.0,47000.0
2,147.0,3,4,0.0,1.0,1.0,85000.0
5,65.0,3,7,1.0,1.0,1.0,50000.0
2,66.0,3,7,1.0,1.0,1.0,66000.0
5,58.0,3,3,1.0,1.0,1.0,59000.0
5,58.0,3,6,1.0,1.0,1.0,52800.0
2,50.0,2,8,1.0,1.0,1.0,62000.0
5,68.0,4,1,0.0,1.0,1.0,65000.0
2,88.0,4,2,1.0,1.0,1.0,89900.0
2,62.0,3,14,1.0,1.0,1.0,72000.0
2,106.0,4,4,1.0,1.0,1.0,90000.0
5,41.0,2,0,1.0,1.0,1.0,39000.0
2,82.0,3,1,0.0,1.0,1.0,74000.0
2,59.0,2,1,1.0,1.0,1.0,65000.0
2,77.0,3,10,1.0,1.0,1.0,83000.0
5,54.0,3,1,0.0,1.0,1.0,50000.0
5,65.0,3,8,1.0,1.0,1.0,45000.0
6,72.0,3,4,0.0,1.0,1.0,64000.0
6,86.0,3,3,0.0,1.0,1.0,83500.0
2,75.0,3,0,0.0,1.0,1.0,75000.0
8,34.0,2,0,1.0,1.0,0.0,38300.0
11,43.0,1,3,1.0,1.0,0.0,58050.0
2,80.0,4,9,1.0,1.0,1.0,89000.0
5,30.0,"2,5",3,1.0,1.0,1.0,30000.0
8,64.0,2,2,1.0,1.0,1.0,80000.0
2,65.0,"2,5",5,0.0,1.0,1.0,57000.0
36,72.0,3,1,1.0,1.0,1.0,63500.0
6,37.0,2,2,1.0,1.0,1.0,35890.0
2,75.0,3,1,1.0,1.0,1.0,82500.0
5,58.0,3,3,0.0,1.0,1.0,50460.0
6,55.0,3,0,0.0,1.0,0.0,64998.0
1,51.0,3,4,0.0,1.0,1.0,36000.0
5,59.0,3,7,1.0,1.0,0.0,58000.0
2,80.0,4,7,1.0,1.0,1.0,119000.0
2,88.0,4,0,1.0,1.0,0.0,94000.0
5,41.0,2,0,0.0,1.0,1.0,39000.0
6,33.0,2,0,0.0,1.0,1.0,43000.0
8,115.0,4,2,1.0,1.0,0.0,115000.0
5,78.0,3,3,0.0,1.0,1.0,65500.0
6,33.0,2,0,1.0,1.0,1.0,42000.0
2,62.0,"2,5",5,1.0,1.0,0.0,71300.0
5,84.0,3,2,0.0,0.0,1.0,62000.0
5,50.0,2,1,1.0,1.0,1.0,48000.0
2,58.0,"2,5",6,1.0,1.0,1.0,57000.0
8,86.0,4,5,1.0,1.0,1.0,107500.0
8,66.0,3,3,1.0,1.0,0.0,90000.0
8,88.0,"3,5",14,1.0,1.0,1.0,76200.0
2,72.0,3,1,1.0,1.0,0.0,68000.0
5,66.0,3,5,1.0,1.0,1.0,75500.0
8,116.0,"4,5",4,1.0,1.0,1.0,133400.0
36,50.0,3,3,0.0,1.0,1.0,30000.0
8,90.0,2,9,1.0,1.0,0.0,106000.0
5,27.0,1,1,1.0,1.0,1.0,29160.0
1,40.0,2,1,0.0,1.0,1.0,36000.0
1,40.0,2,1,0.0,1.0,1.0,35999.0
6,67.0,3,4,1.0,1.0,1.0,62000.0
1,54.0,3,1,0.0,1.0,1.0,52000.0
5,57.0,2,2,0.0,1.0,1.0,47000.0
8,66.0,"2,5",1,0.0,1.0,1.0,71900.0
5,64.0,3,100,1.0,1.0,1.0,67000.0
6,70.0,3,1,0.0,1.0,1.0,70000.0
6,120.0,4,3,1.0,1.0,1.0,150000.0
10,64.0,3,1,1.0,1.0,1.0,59000.0
6,72.0,3,9,1.0,1.0,0.0,61000.0
6,55.0,2,7,1.0,1.0,0.0,63000.0
6,60.0,2,0,0.0,1.0,0.0,57000.0
8,41.0,2,0,1.0,1.0,0.0,41000.0
2,97.0,3,4,0.0,1.0,1.0,83000.0
2,44.0,2,7,1.0,1.0,0.0,46200.0
1,48.0,2,2,1.0,1.0,1.0,46560.0
6,77.0,2,7,1.0,1.0,0.0,88550.0
6,160.0,4,10,1.0,1.0,1.0,127000.0
8,155.0,5,1,1.0,1.0,1.0,160000.0
8,112.0,4,1,1.0,1.0,1.0,134400.0
8,54.0,2,0,1.0,1.0,1.0,67500.0
6,72.0,3,2,0.0,0.0,1.0,66000.0
6,122.0,4,3,0.0,1.0,1.0,91500.0
6,51.0,2,3,1.0,0.0,1.0,53550.0
6,52.0,2,3,0.0,1.0,1.0,46800.0
6,140.0,4,3,0.0,1.0,1.0,140000.0
6,50.0,2,2,1.0,1.0,1.0,55000.0
6,90.0,4,8,1.0,1.0,1.0,86400.0
2,76.0,3,2,1.0,1.0,1.0,65000.0
6,82.0,3,1,1.0,1.0,1.0,70000.0
5,43.0,2,4,0.0,0.0,1.0,40990.0
5,43.0,2,4,0.0,1.0,1.0,40990.0
2,72.0,3,5,1.0,1.0,1.0,78000.0
5,58.0,3,3,1.0,1.0,1.0,58999.0
5,51.0,2,1,1.0,1.0,1.0,50999.0
8,74.0,4,1,1.0,1.0,1.0,86000.0
2,48.0,2,3,1.0,1.0,1.0,62000.0
5,63.0,3,7,1.0,1.0,1.0,59999.0
6,40.0,2,3,1.0,1.0,1.0,52000.0
8,86.0,3,12,1.0,1.0,1.0,82000.0
36,65.0,2,2,0.0,1.0,1.0,40000.0
5,60.0,2,0,1.0,1.0,0.0,49900.0
2,97.0,4,0,1.0,1.0,1.0,105000.0
2,54.0,3,9,1.0,1.0,1.0,69660.0
30,51.0,3,8,1.0,1.0,1.0,34000.0
2,63.0,3,6,1.0,1.0,0.0,66150.0
8,83.0,3,5,1.0,1.0,0.0,105000.0
2,44.0,2,7,1.0,1.0,0.0,46200.0
5,42.0,2,4,0.0,1.0,1.0,41000.0
6,54.0,2,3,1.0,1.0,1.0,67500.0
2,62.0,3,14,1.0,1.0,1.0,74000.0
2,50.0,2,8,1.0,1.0,1.0,62000.0
8,72.0,3,2,1.0,1.0,1.0,87000.0
11,74.0,4,4,0.0,0.0,1.0,55000.0
6,71.0,2,1,0.0,1.0,1.0,67000.0
5,53.0,2,2,1.0,1.0,1.0,63000.0
2,96.0,4,4,1.0,1.0,1.0,96000.0
6,72.0,3,2,0.0,1.0,1.0,63900.0
2,110.0,4,6,1.0,1.0,1.0,92000.0
6,65.0,3,0,0.0,1.0,1.0,71500.0
2,62.0,"2,5",5,1.0,1.0,0.0,71300.0
5,78.0,3,3,0.0,1.0,1.0,75000.0
30,60.0,3,5,0.0,1.0,1.0,45000.0
6,83.0,3,4,0.0,1.0,1.0,74700.0
11,94.0,3,5,1.0,1.0,1.0,82000.0
5,32.0,"1,5",3,0.0,1.0,1.0,38000.0
2,88.0,4,2,1.0,1.0,1.0,88000.0
8,71.0,"2,5",4,1.0,1.0,1.0,79000.0
1,52.0,2,3,0.0,0.0,1.0,44200.0
8,44.0,2,3,0.0,1.0,1.0,51000.0
6,127.0,6,4,1.0,1.0,0.0,118000.0
5,60.0,"2,5",6,1.0,1.0,1.0,49000.0
6,54.0,3,0,0.0,1.0,1.0,52000.0
2,69.0,3,0,1.0,1.0,1.0,72000.0
8,60.0,3,2,1.0,1.0,0.0,84000.0
2,58.0,2,5,1.0,1.0,0.0,62500.0
30,70.0,2,3,1.0,1.0,1.0,62000.0
6,71.0,2,1,0.0,1.0,0.0,67000.0
2,81.0,4,9,1.0,1.0,0.0,81000.0
2,45.0,2,1,1.0,1.0,0.0,48000.0
5,46.0,1,8,1.0,1.0,0.0,48300.0
2,88.0,3,2,1.0,1.0,1.0,88000.0
2,69.0,2,6,1.0,1.0,1.0,62750.0
1,25.0,2,1,1.0,1.0,0.0,18750.0
2,96.0,4,4,1.0,1.0,1.0,96000.0
8,94.0,4,3,0.0,1.0,0.0,99990.0
6,74.0,3,2,0.0,1.0,1.0,74000.0
6,36.0,2,2,0.0,1.0,1.0,41000.0
6,86.0,3,3,0.0,1.0,1.0,83000.0
2,83.0,2,5,1.0,1.0,1.0,91300.0
30,66.0,2,5,1.0,1.0,0.0,48000.0
6,50.0,2,1,1.0,1.0,1.0,65000.0
6,70.0,3,3,1.0,1.0,0.0,63000.0
6,72.0,2,2,1.0,1.0,1.0,81000.0
6,55.0,2,1,1.0,1.0,0.0,58500.0
6,100.0,4,2,1.0,1.0,0.0,110000.0
6,52.0,2,2,0.0,1.0,0.0,50000.0
6,101.0,4,5,1.0,1.0,0.0,126000.0
6,43.0,1,4,0.0,1.0,1.0,41000.0
5,43.0,2,4,0.0,1.0,1.0,41000.0
2,83.0,4,2,1.0,1.0,1.0,78850.0
1,59.0,3,2,1.0,1.0,1.0,57230.0
1,45.0,3,1,0.0,1.0,1.0,41400.0
18,170.0,4,6,1.0,1.0,1.0,78000.0
2,76.0,4,8,1.0,1.0,1.0,64599.0
5,47.0,2,6,1.0,1.0,1.0,60000.0
30,79.0,"3,5",1,1.0,0.0,0.0,67150.0
8,180.0,4,2,1.0,1.0,1.0,243000.0
2,75.0,4,3,0.0,1.0,1.0,65000.0
2,54.0,3,9,1.0,1.0,1.0,69660.0
8,65.0,3,0,1.0,1.0,1.0,70150.0
5,79.0,4,9,1.0,1.0,1.0,96000.0
36,54.0,3,0,1.0,1.0,1.0,46000.0
30,90.0,4,2,0.0,1.0,0.0,55500.0
6,76.0,3,2,0.0,1.0,1.0,100000.0
8,120.0,3,3,1.0,1.0,0.0,180000.0
8,74.0,3,5,1.0,1.0,1.0,99900.0
2,84.0,"3,5",6,1.0,1.0,1.0,72000.0
8,75.0,3,2,1.0,1.0,1.0,67500.0
2,79.0,4,1,1.0,1.0,1.0,74000.0
5,109.0,4,1,1.0,1.0,1.0,106820.0
5,24.0,1,3,1.0,1.0,1.0,28800.0
5,66.0,3,5,1.0,1.0,1.0,75500.0
2,78.0,3,3,0.0,1.0,1.0,75000.0
6,62.0,2,5,1.0,1.0,1.0,77500.0
5,71.0,3,0,1.0,1.0,1.0,63000.0
2,75.0,3,4,0.0,1.0,1.0,60000.0
2,75.0,3,0,1.0,1.0,1.0,78750.0
2,47.0,2,3,1.0,1.0,1.0,48000.0
2,55.0,2,6,1.0,1.0,1.0,55000.0
5,66.0,2,7,1.0,1.0,1.0,58000.0
5,70.0,2,2,1.0,1.0,1.0,64000.0
5,51.0,2,4,1.0,1.0,1.0,50000.0
2,55.0,2,5,1.0,1.0,1.0,58500.0
2,48.0,2,4,1.0,1.0,0.0,53000.0
2,67.0,3,2,1.0,1.0,1.0,75000.0
2,52.0,2,6,1.0,1.0,1.0,49000.0
2,69.0,3,1,1.0,1.0,1.0,79000.0
5,61.0,"2,5",6,1.0,1.0,1.0,57000.0
8,36.0,1,5,1.0,1.0,1.0,29000.0
2,85.0,3,6,1.0,1.0,1.0,95200.0
36,45.0,2,1,0.0,1.0,1.0,26000.0
2,87.0,4,4,0.0,1.0,1.0,75000.0
36,54.0,"2,5",1,0.0,1.0,1.0,25000.0
8,90.0,3,9,1.0,1.0,1.0,108000.0
6,63.0,3,7,1.0,1.0,1.0,66000.0
2,54.0,3,9,1.0,1.0,1.0,69660.0
8,120.0,3,3,1.0,1.0,1.0,180000.0
36,53.0,2,4,0.0,0.0,1.0,33000.0
6,42.0,1,5,1.0,1.0,0.0,47460.0
39,77.0,3,1,1.0,1.0,1.0,69300.0
6,52.0,"2,5",4,0.0,1.0,1.0,46000.0
2,52.0,2,6,1.0,1.0,0.0,49900.0
2,79.0,4,0,1.0,1.0,1.0,72000.0
8,25.0,1,2,1.0,1.0,1.0,31250.0
2,80.0,3,7,1.0,1.0,1.0,65000.0
6,33.0,2,0,1.0,1.0,1.0,42000.0
5,64.0,3,7,1.0,1.0,1.0,50500.0
5,68.0,3,3,1.0,1.0,1.0,63000.0
36,33.0,1,1,1.0,1.0,1.0,31350.0
6,97.0,4,3,1.0,1.0,1.0,80000.0
2,81.0,3,4,0.0,1.0,1.0,70000.0
2,38.0,1,7,1.0,1.0,0.0,36000.0
8,85.0,3,4,0.0,1.0,1.0,61000.0
6,61.0,3,6,1.0,1.0,0.0,76250.0
5,101.0,4,3,1.0,1.0,1.0,100899.0
8,55.0,2,2,1.0,1.0,1.0,68750.0
5,61.0,3,4,0.0,1.0,1.0,47000.0
8,57.0,2,100,0.0,1.0,0.0,68500.0
5,51.0,2,1,1.0,1.0,1.0,51000.0
5,68.0,"3,5",3,1.0,1.0,0.0,70000.0
8,112.0,4,2,1.0,1.0,1.0,118720.0
8,60.0,3,2,1.0,1.0,0.0,84000.0
5,64.0,3,7,1.0,1.0,1.0,50500.0
6,95.0,4,9,1.0,1.0,1.0,115000.0
2,47.0,2,3,1.0,1.0,1.0,48000.0
5,43.0,2,2,1.0,1.0,1.0,49450.0
8,36.0,2,2,1.0,1.0,0.0,46000.0
2,80.0,3,13,1.0,1.0,1.0,62000.0
6,51.0,3,13,1.0,1.0,1.0,52000.0
5,49.0,2,4,1.0,1.0,1.0,54000.0
1,103.0,3,0,1.0,1.0,0.0,76117.0
6,57.0,"2,5",4,0.0,1.0,1.0,50000.0
2,156.0,4,0,0.0,1.0,1.0,90480.0
8,82.0,"3,5",2,1.0,1.0,1.0,102500.0
8,61.0,"3,5",0,1.0,1.0,0.0,70150.0
8,82.0,"2,5",0,1.0,1.0,1.0,94300.0
1,75.0,2,2,0.0,0.0,1.0,45000.0
10,83.0,4,1,1.0,1.0,1.0,71000.0
1,55.0,2,4,1.0,1.0,1.0,45000.0
2,106.0,4,4,1.0,1.0,0.0,90000.0
2,91.0,4,2,1.0,1.0,1.0,100000.0
5,83.0,3,2,1.0,1.0,1.0,78850.0
5,46.0,2,8,1.0,1.0,1.0,48300.0
5,49.0,2,6,1.0,1.0,1.0,52000.0
5,66.0,3,5,0.0,1.0,1.0,47000.0
6,50.0,2,4,0.0,1.0,1.0,50000.0
6,33.0,2,0,1.0,1.0,1.0,42000.0
6,59.0,2,2,0.0,1.0,1.0,50000.0
2,58.0,2,5,1.0,1.0,0.0,62500.0
8,91.0,2,2,0.0,1.0,1.0,95000.0
2,103.0,4,9,1.0,1.0,1.0,120000.0
8,105.0,4,100,1.0,1.0,1.0,131000.0
2,72.0,3,1,1.0,1.0,1.0,68000.0
2,48.0,2,5,1.0,1.0,1.0,51500.0
2,67.0,3,5,0.0,1.0,1.0,63000.0
6,62.0,3,5,1.0,1.0,1.0,62000.0
6,66.0,2,10,1.0,1.0,1.0,62000.0
8,65.0,2,3,0.0,1.0,1.0,76000.0
6,72.0,"2,5",4,0.0,1.0,1.0,64000.0
11,67.0,3,6,1.0,1.0,1.0,60000.0
5,75.0,3,3,0.0,1.0,1.0,65000.0
2,103.0,4,3,1.0,1.0,1.0,120000.0
5,51.0,"2,5",1,1.0,1.0,1.0,51000.0
2,48.0,2,3,0.0,1.0,0.0,49000.0
8,56.0,2,10,1.0,1.0,0.0,64400.0
6,61.0,3,6,1.0,1.0,0.0,76250.0
6,99.0,4,3,1.0,1.0,1.0,93000.0
6,58.0,1,2,1.0,0.0,0.0,45500.0
1,58.0,"1,5",4,1.0,0.0,1.0,49500.0
1,46.0,2,1,0.0,1.0,1.0,42000.0
8,104.0,5,1,0.0,1.0,0.0,120000.0
8,73.0,2,2,1.0,1.0,0.0,87600.0
5,133.0,5,3,1.0,1.0,1.0,121000.0
2,66.0,2,7,1.0,1.0,1.0,66000.0
2,38.0,1,9,1.0,1.0,1.0,49000.0
2,48.0,1,5,1.0,1.0,0.0,51500.0
5,51.0,2,6,1.0,1.0,1.0,49000.0
8,67.0,3,1,1.0,1.0,1.0,72360.0
36,92.0,4,12,1.0,1.0,1.0,70000.0
8,76.0,"2,5",3,0.0,1.0,1.0,85500.0
2,68.0,"4,5",2,1.0,1.0,1.0,70000.0
6,29.0,"1,5",2,1.0,1.0,1.0,36500.0
6,33.0,2,0,0.0,1.0,0.0,43000.0
8,77.0,3,2,1.0,1.0,1.0,96000.0
5,54.0,2,1,1.0,1.0,0.0,53500.0
5,49.0,2,4,1.0,1.0,1.0,59000.0
1,75.0,4,4,0.0,1.0,1.0,43500.0
8,115.0,4,2,1.0,1.0,0.0,115000.0
6,45.0,2,0,0.0,1.0,0.0,49500.0
6,51.0,2,3,0.0,1.0,1.0,40000.0
2,38.0,2,9,1.0,1.0,1.0,49000.0
6,57.0,3,5,0.0,1.0,1.0,42000.0
6,62.0,2,2,0.0,1.0,1.0,60000.0
8,90.0,3,9,1.0,1.0,1.0,108000.0
8,74.0,3,6,1.0,1.0,0.0,85100.0
2,46.0,2,1,0.0,1.0,0.0,52000.0
8,56.0,2,10,1.0,1.0,0.0,64400.0
8,38.0,"1,5",4,1.0,1.0,1.0,51300.0
30,67.0,"2,5",8,1.0,1.0,1.0,40000.0
8,72.0,2,3,0.0,1.0,1.0,65000.0
6,56.0,"3,5",13,1.0,1.0,1.0,52000.0
8,104.0,4,3,1.0,1.0,1.0,135200.0
8,68.0,3,2,1.0,1.0,0.0,78200.0
8,46.0,2,1,1.0,1.0,1.0,65000.0
2,50.0,1,7,1.0,1.0,0.0,57500.0
2,46.0,2,4,1.0,1.0,1.0,50600.0
5,35.0,2,6,1.0,1.0,1.0,40000.0
5,55.0,2,1,0.0,1.0,1.0,60000.0
5,71.0,3,0,1.0,1.0,1.0,63000.0
5,57.0,2,7,1.0,1.0,1.0,55000.0
5,69.0,3,2,1.0,1.0,1.0,56000.0
5,46.0,2,3,1.0,1.0,1.0,48300.0
6,61.0,3,3,1.0,1.0,1.0,82350.0
8,50.0,2,10,1.0,1.0,1.0,58000.0
8,51.0,2,2,1.0,1.0,1.0,57000.0
8,88.0,4,4,0.0,1.0,0.0,88000.0
5,75.0,4,3,0.0,1.0,1.0,65000.0
30,75.0,3,2,1.0,1.0,0.0,67500.0
8,71.0,3,6,1.0,1.0,1.0,76680.0
1,57.0,2,2,0.0,1.0,1.0,39000.0
8,80.0,3,6,1.0,1.0,1.0,80000.0
6,72.0,3,7,1.0,1.0,1.0,97200.0
5,25.0,3,100,1.0,0.0,0.0,25000.0
8,76.0,3,4,1.0,1.0,1.0,96520.0
8,44.0,2,3,0.0,1.0,0.0,51000.0
2,77.0,4,100,1.0,1.0,0.0,83930.0
2,42.0,2,4,1.0,1.0,0.0,48300.0
2,43.0,2,6,1.0,1.0,0.0,49450.0
2,38.0,2,2,1.0,1.0,0.0,43700.0
1,41.0,"2,5",3,0.0,1.0,1.0,9000.0
5,49.0,2,4,1.0,1.0,1.0,59000.0
5,68.0,4,1,0.0,1.0,1.0,64000.0
2,50.0,2,7,1.0,1.0,1.0,57500.0
8,102.0,3,5,1.0,1.0,1.0,110000.0
8,83.0,4,2,1.0,1.0,1.0,75000.0
8,56.0,2,2,0.0,1.0,1.0,57000.0
8,38.0,"1,5",4,1.0,1.0,1.0,51300.0
30,95.0,"3,5",4,0.0,1.0,1.0,50000.0
8,50.0,2,4,1.0,1.0,0.0,54000.0
5,37.0,2,100,0.0,1.0,0.0,35000.0
2,59.0,1,6,1.0,1.0,0.0,55000.0
2,45.0,1,5,1.0,1.0,0.0,45000.0
6,59.0,1,2,0.0,1.0,0.0,50000.0
8,47.0,2,3,0.0,1.0,0.0,51000.0
6,57.0,2,5,1.0,1.0,0.0,65550.0
8,68.0,3,3,0.0,1.0,0.0,78200.0
6,76.0,3,7,1.0,1.0,1.0,72000.0
8,67.0,3,0,1.0,1.0,1.0,72000.0
6,80.0,3,0,0.0,1.0,1.0,84000.0
2,270.0,6,1,1.0,1.0,1.0,240000.0
8,84.0,3,7,1.0,1.0,0.0,101000.0
8,50.0,2,6,1.0,1.0,0.0,62500.0
8,71.0,2,4,1.0,1.0,1.0,82000.0
8,60.0,3,2,1.0,1.0,0.0,84000.0
8,83.0,3,12,1.0,1.0,1.0,85000.0
8,93.0,3,1,1.0,1.0,1.0,95000.0
2,62.0,2,5,1.0,1.0,1.0,67000.0
5,68.0,3,1,1.0,1.0,1.0,63500.0
8,38.0,2,4,1.0,1.0,1.0,49400.0
5,65.0,3,7,1.0,1.0,1.0,51000.0
8,86.0,"4,5",5,1.0,1.0,0.0,105780.0
6,30.0,1,3,1.0,1.0,0.0,36000.0
5,39.0,2,-1,0.0,0.0,0.0,17000.0
8,55.0,2,2,1.0,1.0,1.0,68750.0
6,68.0,"2,5",0,1.0,1.0,1.0,48000.0
8,36.0,2,0,1.0,1.0,0.0,43500.0
2,62.0,3,3,1.0,1.0,0.0,66340.0
8,81.0,4,0,0.0,1.0,1.0,46980.0
6,39.0,2,100,0.0,1.0,1.0,43000.0
8,94.0,3,2,1.0,1.0,1.0,130660.0
2,95.0,4,4,1.0,1.0,0.0,107000.0
2,143.0,4,6,1.0,1.0,0.0,125000.0
2,108.0,5,1,0.0,1.0,0.0,135000.0
6,66.0,3,6,1.0,1.0,0.0,79200.0
8,72.0,2,5,1.0,1.0,0.0,82800.0
6,127.0,4,4,1.0,1.0,0.0,118000.0
6,65.0,2,3,0.0,1.0,0.0,53000.0
2,74.0,3,2,1.0,1.0,1.0,78000.0
6,50.0,2,4,0.0,1.0,1.0,50000.0
8,103.0,4,5,1.0,1.0,0.0,123600.0
8,104.0,4,2,0.0,1.0,1.0,90000.0
8,60.0,"2,5",2,0.0,1.0,1.0,65000.0
11,65.0,"2,5",4,1.0,1.0,0.0,50050.0
6,60.0,2,6,1.0,1.0,1.0,67800.0
11,75.0,4,3,0.0,1.0,1.0,52000.0
5,75.0,5,4,0.0,1.0,1.0,62000.0
11,110.0,6,100,1.0,1.0,1.0,69000.0
8,120.0,"3,5",1,1.0,1.0,0.0,155000.0
8,60.0,3,2,1.0,1.0,0.0,84000.0
2,69.0,3,0,1.0,1.0,1.0,72000.0
1,75.0,4,4,0.0,1.0,1.0,43500.0
6,105.0,"4,5",100,1.0,1.0,1.0,131000.0
18,48.0,3,5,0.0,1.0,1.0,42000.0
5,54.0,3,6,1.0,1.0,1.0,54000.0
6,103.0,3,9,1.0,1.0,0.0,108150.0
2,76.0,3,5,1.0,1.0,0.0,83600.0
2,100.0,4,2,1.0,1.0,1.0,110000.0
2,100.0,4,2,1.0,1.0,0.0,110000.0
8,80.0,4,1,1.0,1.0,0.0,165000.0
2,100.0,4,2,1.0,1.0,1.0,110000.0
5,51.0,2,4,1.0,1.0,1.0,50000.0
8,80.0,4,1,1.0,1.0,1.0,165000.0
5,51.0,2,4,1.0,1.0,1.0,50000.0
5,51.0,2,4,1.0,1.0,1.0,50000.0
8,68.0,"3,5",2,1.0,1.0,1.0,85000.0
8,72.0,3,2,1.0,1.0,1.0,110000.0
6,126.0,"4,5",1,0.0,1.0,1.0,119000.0
2,85.0,"3,5",0,0.0,1.0,1.0,110000.0
2,64.0,"3,5",3,1.0,1.0,1.0,60800.0
6,69.0,2,6,1.0,1.0,1.0,85000.0
6,46.0,2,1,0.0,1.0,1.0,42000.0
1,77.0,4,4,0.0,1.0,1.0,48510.0
1,64.0,"2,5",1,0.0,1.0,1.0,42000.0
1,92.0,"3,5",3,0.0,1.0,1.0,67000.0
8,114.0,"4,5",2,1.0,1.0,1.0,108000.0
5,90.0,"4,5",1,1.0,1.0,1.0,73000.0
1,55.0,2,0,0.0,1.0,1.0,47000.0
8,25.0,"1,5",0,1.0,1.0,1.0,7500.0
1,40.0,"2,5",3,0.0,1.0,1.0,9000.0
8,94.0,4,5,1.0,1.0,1.0,112800.0
2,58.0,2,5,1.0,1.0,0.0,62500.0
6,46.0,2,1,0.0,1.0,1.0,51980.0
6,50.0,2,2,0.0,1.0,0.0,50000.0
6,95.0,"3,5",6,1.0,1.0,1.0,80000.0
1,435.0,6,0,0.0,1.0,1.0,108000.0
5,54.0,1,1,0.0,1.0,0.0,49000.0
6,50.0,1,4,0.0,1.0,0.0,48000.0
5,41.0,1,0,1.0,1.0,0.0,40000.0
6,62.0,1,6,1.0,1.0,1.0,62000.0
5,58.0,3,3,1.0,1.0,1.0,59000.0
6,94.0,5,1,0.0,1.0,1.0,89898.0
6,81.0,3,4,1.0,1.0,1.0,76950.0
30,67.0,3,5,1.0,1.0,1.0,50250.0
5,49.0,2,6,1.0,1.0,1.0,49000.0
2,43.0,2,4,0.0,1.0,1.0,50000.0
5,55.0,2,7,1.0,1.0,1.0,55000.0
2,53.0,2,5,1.0,1.0,1.0,53000.0
2,62.0,3,3,0.0,1.0,1.0,60000.0
5,55.0,2,3,1.0,1.0,1.0,53000.0
5,54.0,2,1,1.0,1.0,1.0,54800.0
2,41.0,2,8,1.0,1.0,1.0,46000.0
8,70.0,3,5,0.0,0.0,1.0,66000.0
8,54.0,2,5,1.0,1.0,0.0,59400.0
5,60.0,2,6,1.0,1.0,1.0,49000.0
6,106.0,4,4,0.0,1.0,1.0,93280.0
2,51.0,2,5,1.0,1.0,1.0,57000.0
2,61.0,2,4,1.0,1.0,1.0,62000.0
8,115.0,4,3,1.0,1.0,1.0,149500.0
2,45.0,2,2,1.0,1.0,1.0,52000.0
2,65.0,"3,5",4,1.0,1.0,1.0,10000.0
8,76.0,3,3,1.0,1.0,1.0,88160.0
2,70.0,2,4,1.0,1.0,0.0,62000.0
8,73.0,3,2,1.0,1.0,0.0,91250.0
2,52.0,2,2,1.0,1.0,1.0,49400.0
8,20.0,"1,5",4,1.0,1.0,0.0,27000.0
1,75.0,4,4,0.0,1.0,1.0,43500.0
2,69.0,3,0,1.0,1.0,1.0,72000.0
8,73.0,4,2,1.0,1.0,1.0,91250.0
5,127.0,4,2,1.0,1.0,1.0,118110.0
5,79.0,3,4,0.0,1.0,1.0,66000.0
6,64.0,3,7,1.0,1.0,1.0,60000.0
6,74.0,"3,5",6,1.0,1.0,1.0,84000.0
2,30.0,2,1,0.0,1.0,1.0,32000.0
6,85.0,3,5,1.0,1.0,1.0,93500.0
5,50.0,2,7,1.0,1.0,1.0,12500.0
10,52.0,2,3,0.0,0.0,1.0,50000.0
2,94.0,3,2,0.0,1.0,1.0,73800.0
8,55.0,2,3,1.0,1.0,1.0,64500.0
8,68.0,3,7,1.0,1.0,1.0,78200.0
6,76.0,3,4,0.0,1.0,0.0,83500.0
6,54.0,2,5,1.0,1.0,0.0,81000.0
8,130.0,4,3,0.0,1.0,1.0,97000.0
8,81.0,3,4,1.0,1.0,1.0,78000.0
2,110.0,4,6,1.0,1.0,1.0,92000.0
5,30.0,"1,5",3,1.0,1.0,1.0,32400.0
8,48.0,2,2,1.0,1.0,1.0,62400.0
6,59.0,2,3,0.0,1.0,1.0,58000.0
6,50.0,2,1,1.0,1.0,1.0,65000.0
30,51.0,3,8,1.0,1.0,1.0,34000.0
6,76.0,3,3,0.0,1.0,1.0,68500.0
2,51.0,2,1,1.0,1.0,1.0,54570.0
2,58.0,3,2,1.0,1.0,1.0,66700.0
2,66.0,4,8,1.0,1.0,1.0,66000.0
2,46.0,2,1,1.0,1.0,1.0,49220.0
36,42.0,2,7,1.0,1.0,1.0,39900.0
5,54.0,4,1,0.0,1.0,1.0,59400.0
8,58.0,3,3,1.0,1.0,1.0,72500.0
2,47.0,2,3,1.0,1.0,1.0,48000.0
8,42.0,2,2,1.0,1.0,0.0,57540.0
8,95.0,2,6,1.0,1.0,1.0,123500.0
8,62.0,2,9,1.0,1.0,1.0,57040.0
8,92.0,4,2,1.0,1.0,1.0,95000.0
8,98.0,4,9,1.0,1.0,1.0,86240.0
2,79.0,3,7,1.0,1.0,1.0,75000.0
2,30.0,1,2,1.0,1.0,1.0,34500.0
8,23.0,1,4,1.0,1.0,0.0,27000.0
5,59.0,3,1,1.0,1.0,0.0,63130.0
5,41.0,2,1,1.0,1.0,0.0,43870.0
30,76.0,"3,5",4,0.0,1.0,1.0,57000.0
1,58.0,"2,5",7,1.0,1.0,0.0,51000.0
5,49.0,1,6,1.0,1.0,1.0,49000.0
2,103.0,3,8,1.0,1.0,1.0,82000.0
6,70.0,3,100,1.0,1.0,0.0,80000.0
30,49.0,2,2,0.0,1.0,1.0,40000.0
1,64.0,4,1,0.0,1.0,1.0,57000.0
5,44.0,"2,5",2,1.0,1.0,1.0,43560.0
8,80.0,3,2,1.0,1.0,1.0,110000.0
10,67.0,3,1,0.0,1.0,1.0,61000.0
2,84.0,3,3,0.0,1.0,1.0,79800.0
36,35.0,2,1,0.0,1.0,1.0,26900.0
6,58.0,3,3,0.0,1.0,1.0,61000.0
1,41.0,2,3,1.0,1.0,1.0,31980.0
6,27.0,2,4,0.0,1.0,1.0,29700.0
6,50.0,3,1,0.0,1.0,1.0,57500.0
8,110.0,4,7,1.0,1.0,1.0,96000.0
6,63.0,3,3,1.0,1.0,1.0,63000.0
6,30.0,2,2,1.0,1.0,1.0,34000.0
8,66.0,"2,5",1,0.0,1.0,1.0,71900.0
5,80.0,3,5,0.0,1.0,1.0,64000.0
8,160.0,5,3,1.0,1.0,1.0,175000.0
6,84.0,3,1,0.0,1.0,1.0,93000.0
2,72.0,3,1,1.0,1.0,1.0,68000.0
2,80.0,3,3,0.0,1.0,1.0,80000.0
8,72.0,3,2,1.0,1.0,1.0,110000.0
5,46.0,2,4,1.0,1.0,1.0,52500.0
5,67.0,4,3,0.0,1.0,1.0,57000.0
8,88.0,4,5,0.0,1.0,1.0,88000.0
8,91.0,"2,5",2,1.0,1.0,1.0,95000.0
1,75.0,4,4,0.0,1.0,1.0,43500.0
2,72.0,3,2,0.0,1.0,0.0,71280.0
8,58.0,3,4,1.0,1.0,1.0,57000.0
5,51.0,2,6,1.0,1.0,1.0,48000.0
2,48.0,2,5,1.0,1.0,1.0,51500.0
6,81.0,2,3,1.0,1.0,1.0,93150.0
2,40.0,2,4,1.0,1.0,1.0,46000.0
5,37.0,2,5,0.0,1.0,1.0,35000.0
2,94.0,3,5,1.0,1.0,1.0,82000.0
36,61.0,2,5,0.0,1.0,1.0,45000.0
6,74.0,3,6,1.0,1.0,1.0,85000.0
6,58.0,2,8,1.0,1.0,1.0,65500.0
6,62.0,2,2,1.0,1.0,1.0,70000.0
6,74.0,3,5,1.0,1.0,1.0,67340.0
8,72.0,3,2,1.0,1.0,0.0,90720.0
2,94.0,3,5,1.0,1.0,1.0,104000.0
6,59.0,3,3,1.0,1.0,1.0,73750.0
6,154.0,6,1,1.0,1.0,1.0,184800.0
2,83.0,4,2,1.0,1.0,1.0,75000.0
8,80.0,3,11,1.0,1.0,1.0,94000.0
6,32.0,2,8,1.0,1.0,1.0,25000.0
6,94.0,3,4,0.0,1.0,0.0,94000.0
8,83.0,4,1,1.0,1.0,1.0,99600.0
36,50.0,2,3,0.0,1.0,1.0,49000.0
37,83.0,3,0,1.0,1.0,1.0,59760.0
1,60.0,"3,5",3,0.0,1.0,0.0,41000.0
6,110.0,3,3,0.0,1.0,1.0,111111.0
5,82.0,"3,5",6,1.0,1.0,0.0,74250.0
2,61.0,3,0,1.0,1.0,1.0,56000.0
5,45.0,3,4,0.0,1.0,0.0,42000.0
1,51.0,"2,5",4,1.0,1.0,1.0,41000.0
1,77.0,"4,5",4,0.0,1.0,1.0,50050.0
5,35.0,2,0,1.0,1.0,0.0,30000.0
1,74.0,3,100,0.0,0.0,1.0,55000.0
6,33.0,2,0,0.0,1.0,1.0,43500.0
6,35.0,1,2,0.0,1.0,0.0,41000.0
6,76.0,2,8,1.0,1.0,0.0,72000.0
6,54.0,3,0,0.0,1.0,1.0,52000.0
1,47.0,2,3,0.0,1.0,1.0,39000.0
5,56.0,3,3,0.0,1.0,1.0,46000.0
5,43.0,2,3,1.0,1.0,1.0,38000.0
6,69.0,"2,5",3,0.0,1.0,1.0,58000.0
6,60.0,2,6,1.0,1.0,1.0,69000.0
6,65.0,2,3,0.0,1.0,1.0,76000.0
2,75.0,3,3,0.0,1.0,1.0,60000.0
2,50.0,2,3,0.0,1.0,1.0,53000.0
36,40.0,2,3,0.0,1.0,1.0,38000.0
8,78.0,3,4,1.0,1.0,1.0,92200.0
8,110.0,4,4,1.0,1.0,0.0,115500.0
6,85.0,4,0,0.0,1.0,1.0,97750.0
6,70.0,3,1,1.0,1.0,1.0,70000.0
6,50.0,3,0,1.0,1.0,1.0,65000.0
8,91.0,3,2,0.0,1.0,1.0,95000.0
6,85.0,4,1,1.0,1.0,1.0,110500.0
8,88.0,4,5,0.0,1.0,1.0,88000.0
6,51.0,"2,5",3,0.0,1.0,1.0,49999.0
1,44.0,2,4,0.0,1.0,1.0,29000.0
8,115.0,4,2,1.0,1.0,0.0,115000.0
6,74.0,2,2,0.0,1.0,0.0,74000.0
6,60.0,1,6,1.0,1.0,0.0,69000.0
8,84.0,2,7,1.0,1.0,1.0,105000.0
8,81.0,3,4,1.0,1.0,1.0,97200.0
8,41.0,1,0,1.0,1.0,1.0,45100.0
8,37.0,2,5,0.0,1.0,1.0,35000.0
6,47.0,2,4,1.0,1.0,1.0,63000.0
6,67.0,3,4,1.0,1.0,1.0,63000.0
36,56.0,3,5,1.0,1.0,1.0,55000.0
6,50.0,2,1,0.0,1.0,1.0,57500.0
6,66.0,3,9,1.0,1.0,1.0,65000.0
8,66.0,3,6,1.0,1.0,1.0,70000.0
6,66.0,3,3,0.0,1.0,1.0,70000.0
6,91.0,3,4,0.0,1.0,1.0,70000.0
2,69.0,2,0,1.0,1.0,0.0,65000.0
2,103.0,4,3,1.0,1.0,1.0,120000.0
5,96.0,4,3,1.0,1.0,1.0,85000.0
6,73.0,3,2,0.0,1.0,1.0,62000.0
8,79.0,3,2,0.0,1.0,1.0,86900.0
6,66.0,"2,5",10,1.0,1.0,1.0,62000.0
6,85.0,4,1,0.0,0.0,1.0,61800.0
6,51.0,2,0,0.0,1.0,1.0,51000.0
6,61.0,2,4,0.0,1.0,0.0,52500.0
8,60.0,"2,5",6,1.0,1.0,1.0,69000.0
30,54.0,3,1,0.0,1.0,1.0,43000.0
8,66.0,3,2,1.0,1.0,1.0,62700.0
6,146.0,4,4,0.0,1.0,1.0,86000.0
6,42.0,"1,5",5,1.0,1.0,1.0,46200.0
8,37.0,2,1,1.0,1.0,1.0,46000.0
8,52.0,2,2,1.0,1.0,1.0,49400.0
2,59.0,3,1,1.0,1.0,0.0,66080.0
2,58.0,3,5,1.0,1.0,0.0,63800.0
8,115.0,4,2,1.0,1.0,0.0,115000.0
1,75.0,4,4,0.0,1.0,1.0,43500.0
8,41.0,"1,5",0,1.0,1.0,0.0,45100.0
6,60.0,1,2,0.0,1.0,0.0,62000.0
1,69.0,3,4,1.0,0.0,1.0,60720.0
8,72.0,3,2,1.0,1.0,1.0,90000.0
8,68.0,3,3,1.0,1.0,0.0,86000.0
2,81.0,3,0,0.0,1.0,0.0,85000.0
8,91.0,3,1,1.0,1.0,1.0,89180.0
8,80.0,3,7,1.0,1.0,1.0,74000.0
8,58.0,3,2,1.0,1.0,1.0,62000.0
8,65.0,3,3,1.0,1.0,1.0,60000.0
8,58.0,3,4,1.0,1.0,0.0,72500.0
8,80.0,3,2,1.0,1.0,1.0,95000.0
8,56.0,4,0,1.0,1.0,1.0,81200.0
8,80.0,3,2,1.0,1.0,1.0,100000.0
8,51.0,2,3,1.0,1.0,1.0,45000.0
6,80.0,3,2,0.0,1.0,1.0,94000.0
6,51.0,2,7,1.0,1.0,0.0,70000.0
2,106.0,4,0,0.0,1.0,0.0,127200.0
2,65.0,3,3,0.0,1.0,1.0,62000.0
2,75.0,3,0,1.0,1.0,1.0,78000.0
6,50.0,2,6,1.0,1.0,1.0,49000.0
8,51.0,2,2,1.0,1.0,1.0,63750.0
5,68.0,3,1,1.0,1.0,1.0,61000.0
5,69.0,3,2,0.0,1.0,1.0,64000.0
2,79.0,4,9,1.0,1.0,1.0,96000.0
2,63.0,3,7,1.0,1.0,1.0,64900.0
2,62.0,1,0,1.0,0.0,1.0,65000.0
2,45.0,2,4,0.0,1.0,1.0,47000.0
6,60.0,3,3,1.0,1.0,0.0,70000.0
2,69.0,3,7,1.0,1.0,1.0,62000.0
2,38.0,2,6,1.0,1.0,0.0,56000.0
2,98.0,4,5,1.0,1.0,1.0,85000.0
8,33.0,2,1,1.0,1.0,0.0,43000.0
5,70.0,"2,5",0,1.0,1.0,1.0,49000.0
2,42.0,2,6,1.0,1.0,1.0,58000.0
2,64.0,3,2,1.0,1.0,1.0,63000.0
2,66.0,3,2,1.0,1.0,1.0,75000.0
30,51.0,3,8,1.0,1.0,1.0,34000.0
2,101.0,4,8,1.0,1.0,1.0,82000.0
8,59.0,3,2,1.0,1.0,0.0,70800.0
5,51.0,2,4,1.0,1.0,0.0,50000.0
2,88.0,3,5,0.0,1.0,0.0,88000.0
6,51.0,2,0,0.0,1.0,1.0,51000.0
36,63.0,3,2,0.0,0.0,1.0,41000.0
6,62.0,2,0,0.0,1.0,1.0,77000.0
6,82.0,4,3,1.0,1.0,1.0,102500.0
6,97.0,4,4,0.0,1.0,1.0,92150.0
6,81.0,3,5,1.0,1.0,1.0,76950.0
6,90.0,3,4,1.0,1.0,1.0,81000.0
2,77.0,3,7,1.0,1.0,1.0,80850.0
6,85.0,3,1,1.0,1.0,1.0,110500.0
6,88.0,4,3,1.0,1.0,1.0,84480.0
8,66.0,2,1,0.0,1.0,1.0,70000.0
2,50.0,2,6,1.0,1.0,1.0,48000.0
1,66.0,3,1,1.0,1.0,0.0,62700.0
6,74.0,5,0,1.0,1.0,1.0,81500.0
6,30.0,1,2,1.0,1.0,1.0,34500.0
2,49.0,2,6,1.0,1.0,1.0,54000.0
1,60.0,3,0,1.0,1.0,1.0,54000.0
1,70.0,3,6,1.0,1.0,1.0,73000.0
6,64.0,3,3,0.0,1.0,1.0,64000.0
5,60.0,"2,5",3,1.0,1.0,1.0,60000.0
8,160.0,4,9,1.0,1.0,1.0,120000.0
8,85.0,4,2,0.0,1.0,1.0,80000.0
8,48.0,2,2,1.0,1.0,0.0,50400.0
6,55.0,2,2,1.0,1.0,0.0,60500.0
8,43.0,2,2,1.0,1.0,1.0,60000.0
6,69.0,"2,5",7,1.0,1.0,1.0,64000.0
6,81.0,3,0,0.0,1.0,1.0,87000.0
8,74.0,2,1,1.0,1.0,1.0,92500.0
6,95.0,5,10,1.0,1.0,1.0,100000.0
8,55.0,3,3,0.0,1.0,1.0,58000.0
8,67.0,4,1,1.0,1.0,1.0,62500.0
2,67.0,2,4,1.0,1.0,1.0,73700.0
6,61.0,2,4,0.0,1.0,1.0,43000.0
6,55.0,2,100,0.0,1.0,1.0,50000.0
2,69.0,3,2,1.0,1.0,1.0,63000.0
6,67.0,3,4,1.0,1.0,1.0,73000.0
8,87.0,3,3,1.0,1.0,1.0,100000.0
2,57.0,1,1,0.0,1.0,0.0,55000.0
5,84.0,3,7,1.0,1.0,1.0,59999.0
2,52.0,3,2,0.0,1.0,1.0,53000.0
8,45.0,1,3,0.0,1.0,0.0,53000.0
8,105.0,4,5,1.0,1.0,1.0,141750.0
2,60.0,3,3,1.0,1.0,1.0,70000.0
2,80.0,2,13,1.0,1.0,0.0,62000.0
5,73.0,2,5,1.0,1.0,0.0,66000.0
6,66.0,3,2,0.0,1.0,1.0,79500.0
8,48.0,"2,5",4,1.0,1.0,1.0,45600.0
2,75.0,3,0,1.0,1.0,1.0,78500.0
5,37.0,2,0,1.0,1.0,1.0,39000.0
2,92.0,3,3,0.0,1.0,1.0,72500.0
2,78.0,3,3,1.0,1.0,1.0,74100.0
6,58.0,"2,5",8,1.0,1.0,1.0,65500.0
6,62.0,"2,5",2,1.0,1.0,1.0,70000.0
2,37.0,2,8,1.0,1.0,1.0,42000.0
5,55.0,2,1,0.0,1.0,0.0,55000.0
6,91.0,3,1,1.0,1.0,1.0,85000.0
8,115.0,4,2,0.0,1.0,1.0,120750.0
6,103.0,4,12,1.0,1.0,0.0,89000.0
6,85.0,3,1,1.0,1.0,0.0,110500.0
1,75.0,4,4,0.0,1.0,1.0,43500.0
6,74.0,2,2,0.0,1.0,0.0,74000.0
6,50.0,2,4,0.0,1.0,1.0,51000.0
8,101.0,4,9,1.0,1.0,1.0,101000.0
6,53.0,3,13,1.0,1.0,1.0,58000.0
6,54.0,2,1,1.0,1.0,1.0,55000.0
8,105.0,3,1,1.0,1.0,0.0,123900.0
2,57.0,3,2,1.0,1.0,1.0,62643.0
8,46.0,2,1,0.0,1.0,1.0,51500.0
5,57.0,3,4,1.0,1.0,1.0,53000.0
30,100.0,3,3,0.0,1.0,1.0,65000.0
8,120.0,5,5,1.0,1.0,1.0,120000.0
8,45.0,"1,5",3,0.0,0.0,1.0,53000.0
8,118.0,4,4,1.0,1.0,0.0,170000.0
6,72.0,3,4,1.0,1.0,1.0,55000.0
6,91.0,3,6,1.0,1.0,1.0,110000.0
2,52.0,2,4,1.0,1.0,1.0,50960.0
2,99.0,4,9,1.0,1.0,1.0,83500.0
2,99.0,4,9,1.0,1.0,1.0,83500.0
36,80.0,3,5,1.0,1.0,1.0,69000.0
6,41.0,2,6,1.0,0.0,1.0,47150.0
6,60.0,3,2,1.0,1.0,1.0,84000.0
6,68.0,3,7,1.0,1.0,1.0,78200.0
6,75.0,3,4,0.0,1.0,1.0,120000.0
2,69.0,3,1,1.0,1.0,1.0,85000.0
5,75.0,4,4,0.0,1.0,1.0,62000.0
2,55.0,2,6,1.0,1.0,0.0,63000.0
5,69.0,2,4,0.0,1.0,1.0,52000.0
5,61.0,2,3,1.0,1.0,1.0,66000.0
8,42.0,2,2,1.0,1.0,1.0,33180.0
1,46.0,"2,5",2,0.0,1.0,1.0,45000.0
8,63.0,3,0,1.0,1.0,1.0,75600.0
8,76.0,3,2,0.0,1.0,1.0,78800.0
6,63.0,3,0,0.0,1.0,0.0,66150.0
8,90.0,3,9,1.0,1.0,1.0,106000.0
6,114.0,"4,5",2,1.0,1.0,1.0,108000.0
8,54.0,2,2,1.0,1.0,0.0,64800.0
6,82.0,3,6,1.0,1.0,0.0,102500.0
6,51.0,2,0,0.0,1.0,0.0,51000.0
6,80.0,3,1,1.0,1.0,0.0,85000.0
2,87.0,3,6,1.0,1.0,0.0,100050.0
2,52.0,2,3,1.0,1.0,1.0,57200.0
6,76.0,3,8,1.0,1.0,1.0,74000.0
5,65.0,3,5,0.0,1.0,1.0,52000.0
5,57.0,2,7,1.0,1.0,1.0,54000.0
6,54.0,3,4,0.0,1.0,1.0,40000.0
6,69.0,2,6,1.0,1.0,1.0,85000.0
2,75.0,"3,5",1,1.0,1.0,1.0,72000.0
6,63.0,2,7,1.0,1.0,1.0,81900.0
6,49.0,3,0,1.0,1.0,1.0,47040.0
6,62.0,2,4,0.0,1.0,0.0,55800.0
6,69.0,3,0,0.0,1.0,1.0,76000.0
5,68.0,2,1,0.0,1.0,0.0,65000.0
30,70.0,3,8,1.0,1.0,0.0,48000.0
6,42.0,2,7,1.0,1.0,1.0,44000.0
6,96.0,2,9,1.0,1.0,0.0,99840.0
5,97.0,4,7,1.0,1.0,1.0,87000.0
5,70.0,4,4,0.0,1.0,1.0,49000.0
6,60.0,2,6,1.0,1.0,1.0,69000.0
5,61.0,2,2,1.0,1.0,1.0,63000.0
5,60.0,3,7,1.0,1.0,0.0,66000.0
2,62.0,2,5,1.0,1.0,1.0,72500.0
5,57.0,2,7,1.0,1.0,1.0,54000.0
5,33.0,2,7,1.0,1.0,1.0,45000.0
5,77.0,3,1,1.0,1.0,1.0,70000.0
2,86.0,4,3,0.0,1.0,1.0,75000.0
5,55.0,2,1,0.0,1.0,1.0,60000.0
2,70.0,3,4,1.0,1.0,1.0,55000.0
2,80.0,3,1,1.0,1.0,1.0,76000.0
8,88.0,3,2,0.0,1.0,0.0,91000.0
30,45.0,2,1,1.0,1.0,1.0,33000.0
8,90.0,3,9,1.0,1.0,1.0,106000.0
8,70.0,3,5,1.0,1.0,0.0,102000.0
8,56.0,2,10,1.0,1.0,1.0,64400.0
2,78.0,"2,5",5,1.0,1.0,1.0,76000.0
6,103.0,4,8,1.0,1.0,0.0,108150.0
2,50.0,2,7,1.0,1.0,0.0,55000.0
2,60.0,3,2,1.0,1.0,0.0,66000.0
6,134.0,4,2,1.0,1.0,1.0,154100.0
6,69.0,3,1,1.0,1.0,1.0,63500.0
6,26.0,2,1,0.0,1.0,1.0,32000.0
6,66.0,"3,5",10,1.0,1.0,1.0,62000.0
30,51.0,3,8,1.0,1.0,1.0,34500.0
30,100.0,3,4,0.0,1.0,1.0,45000.0
6,55.0,2,4,0.0,1.0,1.0,48000.0
8,60.0,3,4,0.0,1.0,1.0,55080.0
2,75.0,3,0,1.0,1.0,1.0,76500.0
5,46.0,2,5,1.0,1.0,1.0,47999.0
2,91.0,2,7,1.0,1.0,0.0,85000.0
2,69.0,2,1,1.0,1.0,1.0,79000.0
2,91.0,2,2,1.0,1.0,1.0,93500.0
5,51.0,1,1,1.0,1.0,0.0,52000.0
30,67.0,"3,5",9,1.0,1.0,0.0,44000.0
6,59.0,2,1,1.0,1.0,1.0,76700.0
6,61.0,"3,5",0,1.0,1.0,0.0,76250.0
2,84.0,3,3,0.0,1.0,1.0,79800.0
5,77.0,3,7,1.0,1.0,1.0,69300.0
5,76.0,3,5,1.0,1.0,1.0,70000.0
5,49.0,2,4,1.0,1.0,1.0,59000.0
5,66.0,3,5,0.0,1.0,1.0,50000.0
5,60.0,2,3,1.0,1.0,1.0,60000.0
18,40.0,2,1,1.0,1.0,1.0,34000.0
36,59.0,3,3,1.0,1.0,1.0,45000.0
2,120.0,5,9,1.0,1.0,1.0,97000.0
5,46.0,2,3,1.0,1.0,1.0,56500.0
5,68.0,3,6,1.0,1.0,1.0,78000.0
2,65.0,3,10,1.0,1.0,1.0,71500.0
5,54.0,2,1,1.0,1.0,0.0,54000.0
5,62.0,2,100,1.0,1.0,1.0,58900.0
5,68.0,3,4,1.0,1.0,1.0,71400.0
8,72.0,3,2,1.0,1.0,1.0,86400.0
5,124.0,4,10,1.0,1.0,1.0,245000.0
8,50.0,3,0,1.0,1.0,1.0,67500.0
8,179.0,5,2,0.0,1.0,1.0,150000.0
8,96.0,3,2,1.0,1.0,1.0,105600.0
30,114.0,4,6,1.0,1.0,1.0,80000.0
36,75.0,4,3,0.0,1.0,1.0,49500.0
6,91.0,4,5,1.0,1.0,0.0,99000.0
2,77.0,3,9,1.0,1.0,1.0,73150.0
8,22.0,3,3,0.0,1.0,1.0,31000.0
8,93.0,3,3,0.0,1.0,1.0,100000.0
8,57.0,3,1,1.0,1.0,1.0,55000.0
8,77.0,4,0,1.0,1.0,1.0,95000.0
8,108.0,4,5,1.0,1.0,1.0,151200.0
5,30.0,1,2,1.0,1.0,1.0,29100.0
5,54.0,2,1,1.0,1.0,0.0,52380.0
6,46.0,"2,5",1,1.0,1.0,1.0,57500.0
5,45.0,2,2,0.0,1.0,1.0,37000.0
2,81.0,3,4,0.0,1.0,1.0,60000.0
2,65.0,3,5,0.0,1.0,1.0,57000.0
8,62.0,3,2,1.0,1.0,1.0,62000.0
5,43.0,2,4,0.0,1.0,1.0,40999.0
2,108.0,4,6,1.0,1.0,1.0,130000.0
5,40.0,2,4,1.0,1.0,1.0,39499.0
6,73.0,3,2,0.0,1.0,1.0,61999.0
2,58.0,"2,5",2,1.0,1.0,0.0,75400.0
6,110.0,5,14,1.0,1.0,1.0,95000.0
2,93.0,3,0,1.0,1.0,1.0,93000.0
8,64.0,4,3,0.0,0.0,1.0,67000.0
8,55.0,2,3,1.0,1.0,1.0,68500.0
10,49.0,2,2,0.0,1.0,1.0,51000.0
5,83.0,3,7,1.0,1.0,1.0,83000.0
2,69.0,3,0,1.0,1.0,1.0,72000.0
8,43.0,2,12,1.0,1.0,1.0,42000.0
8,102.0,4,5,1.0,1.0,1.0,137700.0
5,49.0,2,1,1.0,1.0,0.0,46550.0
5,51.0,2,1,1.0,1.0,0.0,51000.0
1,96.0,"4,5",2,0.0,1.0,1.0,64000.0
8,87.0,3,4,1.0,1.0,1.0,105000.0
36,59.0,3,6,1.0,1.0,1.0,41500.0
2,102.0,4,3,0.0,1.0,0.0,93000.0
6,62.0,"3,5",4,0.0,1.0,1.0,56000.0
5,30.0,1,2,1.0,1.0,0.0,30000.0
6,23.0,1,1,1.0,1.0,1.0,24610.0
6,60.0,2,6,1.0,1.0,1.0,67800.0
8,90.0,"3,5",1,1.0,1.0,1.0,117000.0
6,73.0,3,3,0.0,1.0,1.0,62000.0
5,55.0,2,8,1.0,1.0,1.0,47000.0
2,80.0,3,0,1.0,1.0,1.0,84000.0
2,57.0,"2,5",1,0.0,1.0,0.0,53000.0
8,66.0,3,3,1.0,1.0,1.0,90000.0
2,56.0,2,4,0.0,1.0,1.0,54000.0
2,67.0,2,9,1.0,1.0,1.0,60000.0
2,80.0,3,1,1.0,1.0,1.0,75000.0
8,56.0,3,2,0.0,1.0,1.0,67000.0
5,62.0,3,6,1.0,1.0,0.0,55500.0
5,62.0,1,6,1.0,1.0,0.0,55500.0
5,59.0,1,1,1.0,1.0,0.0,57000.0
2,52.0,2,9,1.0,1.0,0.0,62400.0
5,49.0,3,0,0.0,1.0,1.0,36000.0
6,63.0,"3,5",5,1.0,1.0,0.0,65000.0
8,75.0,3,0,0.0,1.0,0.0,77000.0
2,65.0,2,0,0.0,1.0,1.0,55000.0
5,35.0,2,6,1.0,1.0,0.0,37000.0
8,26.0,"1,5",5,1.0,1.0,0.0,40000.0
6,148.0,"4,5",2,0.0,1.0,1.0,125000.0
8,103.0,"3,5",100,0.0,1.0,1.0,65000.0
2,97.0,"3,5",0,1.0,1.0,1.0,105000.0
2,58.0,2,5,1.0,1.0,0.0,62500.0
1,75.0,4,4,0.0,1.0,1.0,43500.0
6,103.0,4,8,1.0,1.0,0.0,108150.0
8,80.0,4,1,1.0,1.0,1.0,165000.0
2,63.0,3,6,1.0,1.0,0.0,66150.0
2,50.0,2,7,1.0,1.0,0.0,55000.0
2,49.0,2,0,0.0,1.0,1.0,43000.0
6,69.0,"2,5",6,1.0,1.0,1.0,83000.0
8,59.0,2,1,1.0,1.0,1.0,67000.0
6,69.0,3,2,1.0,1.0,1.0,65550.0
6,128.0,5,9,1.0,1.0,1.0,108800.0
6,63.0,3,4,0.0,1.0,1.0,71000.0
6,50.0,2,3,0.0,1.0,1.0,49000.0
8,25.0,1,5,1.0,1.0,1.0,45000.0
8,66.0,3,5,1.0,1.0,1.0,85800.0
6,49.0,3,0,1.0,1.0,1.0,46550.0
2,41.0,1,8,1.0,1.0,0.0,46000.0
2,54.0,2,7,1.0,1.0,1.0,51000.0
2,70.0,3,4,0.0,1.0,1.0,56500.0
6,113.0,4,5,1.0,1.0,1.0,146000.0
6,79.0,3,1,1.0,1.0,1.0,91000.0
2,81.0,3,5,1.0,1.0,1.0,73000.0
6,55.0,3,2,0.0,0.0,1.0,60000.0
6,69.0,3,6,1.0,1.0,1.0,82800.0
6,54.0,3,0,1.0,1.0,1.0,57726.0
8,70.0,3,6,1.0,1.0,1.0,65000.0
36,67.0,3,2,1.0,1.0,1.0,64320.0
2,57.0,3,1,0.0,1.0,1.0,52000.0
6,68.0,2,3,1.0,1.0,1.0,64600.0
8,63.0,3,3,1.0,1.0,1.0,87570.0
6,82.0,3,8,1.0,1.0,1.0,86100.0
2,45.0,2,1,1.0,1.0,0.0,49000.0
2,42.0,2,7,1.0,1.0,1.0,42000.0
5,40.0,2,4,1.0,1.0,1.0,47000.0
2,80.0,3,0,1.0,1.0,1.0,79000.0
2,41.0,2,1,1.0,1.0,1.0,45000.0
2,49.0,2,0,0.0,1.0,1.0,43000.0
30,51.0,3,8,1.0,1.0,1.0,34000.0
2,68.0,2,8,1.0,1.0,0.0,60000.0
2,85.0,3,3,1.0,1.0,1.0,94000.0
5,74.0,3,1,1.0,1.0,0.0,74000.0
5,47.0,2,3,1.0,1.0,0.0,50000.0
2,97.0,4,0,1.0,1.0,1.0,105000.0
6,45.0,2,1,0.0,1.0,1.0,42000.0
6,42.0,2,1,0.0,1.0,1.0,9200.0
8,133.0,4,1,0.0,1.0,1.0,161000.0
30,75.0,3,3,0.0,0.0,0.0,44000.0
2,75.0,3,3,1.0,1.0,1.0,75000.0
8,180.0,5,2,1.0,1.0,1.0,198000.0
8,46.0,1,9,1.0,1.0,1.0,46000.0
8,59.0,3,3,1.0,1.0,1.0,82010.0
8,111.0,4,5,1.0,1.0,1.0,155400.0
2,43.0,2,4,0.0,1.0,1.0,50000.0
8,58.0,3,3,1.0,0.0,0.0,73660.0
8,27.0,1,0,1.0,1.0,1.0,33750.0
6,35.0,2,0,1.0,1.0,0.0,45500.0
6,38.0,2,0,0.0,1.0,0.0,45000.0
6,42.0,2,1,0.0,1.0,1.0,9200.0
8,54.0,2,1,1.0,1.0,1.0,72900.0
2,81.0,4,7,1.0,1.0,1.0,89100.0
8,59.0,4,0,1.0,1.0,1.0,79650.0
8,58.0,3,3,1.0,1.0,1.0,61000.0
2,105.0,5,1,0.0,0.0,1.0,35000.0
8,115.0,4,2,1.0,1.0,0.0,115000.0
2,66.0,3,2,1.0,1.0,1.0,75000.0
2,63.0,2,7,1.0,1.0,1.0,65500.0
5,42.0,1,7,1.0,1.0,1.0,44500.0
5,70.0,3,2,0.0,1.0,1.0,82000.0
8,190.0,5,3,1.0,1.0,1.0,208810.0
2,63.0,3,7,1.0,1.0,1.0,64890.0
2,115.0,4,9,1.0,1.0,0.0,115000.0
6,55.0,2,5,1.0,1.0,1.0,45000.0
8,100.0,3,2,0.0,1.0,1.0,115000.0
30,67.0,3,4,1.0,1.0,1.0,60000.0
2,85.0,4,10,1.0,1.0,1.0,85000.0
2,62.0,2,5,1.0,1.0,1.0,68999.0
8,84.0,3,3,1.0,1.0,1.0,105000.0
8,79.0,3,1,1.0,1.0,1.0,86900.0
6,67.0,3,7,1.0,1.0,1.0,65000.0
2,22.0,1,4,1.0,1.0,1.0,25300.0
2,63.0,3,6,1.0,1.0,0.0,66150.0
5,67.0,2,5,1.0,1.0,1.0,63650.0
6,56.0,2,5,0.0,1.0,1.0,66640.0
6,58.0,2,2,1.0,1.0,0.0,69020.0
6,36.0,2,0,1.0,1.0,1.0,41500.0
1,60.0,2,1,1.0,0.0,1.0,54000.0
6,52.0,2,0,1.0,1.0,0.0,62400.0
6,58.0,2,8,1.0,1.0,0.0,63800.0
2,60.0,2,8,1.0,1.0,1.0,11000.0
8,54.0,3,4,1.0,1.0,1.0,63000.0
2,66.0,3,7,1.0,1.0,1.0,66000.0
2,34.0,1,7,1.0,1.0,1.0,40000.0
6,52.0,3,6,1.0,1.0,1.0,54000.0
2,68.0,4,2,1.0,1.0,1.0,70000.0
8,115.0,4,2,1.0,1.0,0.0,115000.0
6,74.0,2,2,0.0,1.0,0.0,74000.0
2,84.0,3,6,1.0,1.0,1.0,71400.0
8,71.0,2,4,1.0,1.0,1.0,86000.0
6,83.0,3,5,1.0,1.0,0.0,91300.0
2,100.0,3,7,1.0,1.0,1.0,89000.0
8,180.0,6,3,1.0,1.0,1.0,50000.0
8,105.0,"4,5",100,1.0,1.0,1.0,131000.0
2,70.0,2,4,1.0,1.0,0.0,55000.0
5,30.0,"1,5",0,0.0,1.0,1.0,9000.0
5,69.0,"2,5",4,0.0,1.0,1.0,52000.0
6,60.0,2,0,0.0,1.0,1.0,50000.0
6,109.0,4,2,1.0,1.0,1.0,97200.0
8,78.0,3,2,0.0,1.0,1.0,80000.0
6,62.0,2,4,0.0,1.0,1.0,50000.0
5,68.0,3,6,1.0,1.0,1.0,78200.0
8,51.0,2,8,1.0,1.0,0.0,53550.0
6,74.0,3,1,1.0,1.0,1.0,85100.0
8,43.0,1,7,1.0,1.0,1.0,53000.0
8,82.0,4,3,1.0,1.0,1.0,106600.0
30,56.0,3,3,0.0,1.0,1.0,72000.0
8,43.0,2,2,1.0,1.0,0.0,64070.0
8,36.0,2,1,0.0,1.0,0.0,2250.0
8,68.0,3,2,1.0,1.0,0.0,78200.0
1,40.0,2,4,0.0,1.0,0.0,24000.0
6,61.0,2,4,0.0,1.0,1.0,52000.0
6,72.0,3,0,0.0,1.0,1.0,88000.0
8,110.0,4,3,0.0,1.0,1.0,143000.0
8,36.0,2,1,1.0,1.0,0.0,50000.0
6,74.0,2,2,1.0,1.0,1.0,62900.0
8,78.0,3,4,0.0,1.0,1.0,84000.0
6,91.0,3,4,1.0,1.0,1.0,110000.0
2,49.0,2,0,0.0,1.0,1.0,43000.0
5,40.0,2,3,1.0,1.0,0.0,44000.0
8,22.0,2,0,1.0,1.0,0.0,50000.0
30,40.0,2,2,0.0,0.0,0.0,38000.0
8,70.0,5,1,0.0,1.0,1.0,78000.0
5,59.0,"2,5",1,1.0,1.0,0.0,57000.0
5,83.0,3,2,0.0,1.0,1.0,72000.0
8,88.0,4,2,0.0,1.0,0.0,92000.0
8,88.0,3,5,1.0,1.0,1.0,105000.0
11,73.0,3,4,0.0,1.0,0.0,45000.0
2,40.0,2,3,0.0,1.0,1.0,48000.0
5,30.0,1,1,1.0,1.0,1.0,32100.0
5,56.0,3,0,0.0,1.0,1.0,58000.0
6,86.0,3,0,0.0,1.0,1.0,77000.0
8,56.0,3,0,0.0,1.0,1.0,58000.0
6,69.0,"2,5",3,1.0,1.0,1.0,75900.0
8,65.0,3,1,0.0,1.0,1.0,81250.0
6,95.0,5,10,1.0,1.0,1.0,103000.0
10,52.0,2,3,0.0,1.0,1.0,48000.0
8,80.0,3,0,0.0,1.0,1.0,80000.0
8,43.0,2,3,1.0,1.0,1.0,43000.0
11,75.0,4,5,0.0,1.0,1.0,43500.0
6,60.0,2,7,1.0,1.0,1.0,60000.0
6,64.0,3,3,1.0,1.0,0.0,79900.0
6,51.0,"2,5",1,1.0,1.0,0.0,55500.0
8,75.0,2,4,1.0,1.0,1.0,90000.0
36,82.0,2,9,1.0,1.0,1.0,55000.0
2,41.0,2,1,1.0,1.0,0.0,44000.0
5,49.0,2,6,1.0,1.0,1.0,49000.0
6,50.0,2,4,0.0,1.0,1.0,50000.0
6,86.0,3,1,1.0,1.0,1.0,98900.0
6,50.0,2,1,1.0,1.0,1.0,57500.0
6,92.0,3,1,1.0,1.0,1.0,94000.0
6,77.0,3,0,1.0,1.0,1.0,90000.0
2,86.0,4,14,1.0,1.0,1.0,79999.0
8,74.0,3,5,1.0,1.0,1.0,99900.0
2,69.0,3,7,1.0,1.0,1.0,63000.0
2,48.0,2,4,1.0,1.0,1.0,51000.0
8,58.0,3,6,1.0,1.0,0.0,60000.0
8,91.0,2,2,0.0,1.0,1.0,95000.0
1,75.0,4,4,0.0,1.0,1.0,43500.0
30,51.0,3,8,1.0,1.0,1.0,34000.0
5,66.0,3,4,1.0,1.0,1.0,53000.0
2,72.0,3,1,1.0,1.0,1.0,72000.0
2,69.0,4,3,0.0,1.0,1.0,64000.0
2,62.0,2,5,1.0,1.0,1.0,72500.0
6,67.0,3,4,1.0,1.0,1.0,77000.0
6,90.0,4,2,0.0,1.0,0.0,85000.0
6,66.0,2,0,1.0,1.0,1.0,70000.0
2,30.0,1,2,1.0,1.0,1.0,33000.0
6,84.0,2,7,1.0,1.0,0.0,89000.0
8,75.0,3,1,0.0,1.0,0.0,8000.0
6,78.0,3,2,0.0,1.0,1.0,82000.0
8,103.0,3,2,1.0,1.0,1.0,94300.0
6,86.0,3,0,1.0,1.0,1.0,90000.0
6,53.0,3,13,1.0,1.0,1.0,57000.0
8,160.0,4,10,1.0,1.0,1.0,127000.0
8,78.0,3,2,0.0,1.0,1.0,80000.0
8,76.0,2,9,1.0,1.0,1.0,74000.0
8,66.0,3,5,1.0,1.0,1.0,85800.0
8,70.0,3,4,1.0,1.0,1.0,84000.0
8,100.0,4,3,0.0,1.0,1.0,125000.0
2,101.0,4,4,0.0,1.0,0.0,75000.0
8,60.0,3,3,1.0,1.0,0.0,72000.0
8,65.0,3,5,0.0,1.0,1.0,52000.0
8,72.0,3,5,1.0,1.0,1.0,74000.0
36,60.0,3,7,1.0,1.0,1.0,51600.0
2,52.0,2,0,1.0,1.0,1.0,54000.0
6,82.0,"2,5",1,1.0,1.0,1.0,85000.0
2,90.0,4,4,0.0,1.0,1.0,78000.0
5,25.0,3,100,1.0,0.0,0.0,25000.0
5,58.0,1,7,1.0,1.0,0.0,44000.0
2,80.0,3,1,0.0,1.0,1.0,76000.0
2,95.0,4,5,1.0,1.0,1.0,77500.0
6,62.0,3,0,0.0,1.0,1.0,57000.0
2,55.0,2,2,1.0,1.0,1.0,60500.0
5,51.0,2,3,1.0,1.0,1.0,46000.0
1,60.0,"2,5",0,0.0,1.0,1.0,49999.0
2,63.0,3,3,1.0,1.0,1.0,67000.0
2,38.0,1,9,1.0,1.0,1.0,41800.0
2,98.0,4,1,1.0,1.0,1.0,110000.0
6,84.0,3,7,1.0,1.0,0.0,89000.0
30,100.0,4,5,1.0,1.0,1.0,85000.0
8,43.0,2,2,1.0,1.0,0.0,64070.0
2,73.0,"3,5",2,1.0,1.0,1.0,78000.0
36,75.0,3,0,0.0,1.0,1.0,59000.0
2,60.0,"2,5",5,0.0,1.0,0.0,55000.0
30,4.0,"3,5",4,0.0,1.0,1.0,48000.0
2,78.0,3,7,1.0,1.0,1.0,73500.0
5,35.0,2,0,1.0,1.0,1.0,43750.0
2,64.0,3,3,1.0,1.0,1.0,74000.0
8,63.0,3,3,1.0,1.0,0.0,93870.0
2,51.0,2,0,1.0,1.0,0.0,57120.0
2,72.0,3,1,1.0,1.0,1.0,68000.0
6,89.0,3,5,1.0,1.0,0.0,82000.0
6,48.0,2,1,1.0,1.0,1.0,47600.0
8,75.0,3,0,1.0,1.0,0.0,63750.0
2,50.0,2,1,1.0,1.0,1.0,47000.0
2,78.0,3,7,1.0,1.0,1.0,73000.0
6,89.0,3,6,1.0,1.0,1.0,80000.0
8,72.0,3,10,1.0,1.0,1.0,37440.0
6,136.0,4,3,0.0,1.0,0.0,156400.0
6,63.0,4,0,0.0,1.0,1.0,82000.0
6,103.0,3,5,1.0,1.0,0.0,110000.0
30,72.0,3,2,0.0,1.0,1.0,50000.0
8,96.0,"4,5",2,0.0,1.0,1.0,77000.0
30,182.0,"4,5",1,1.0,1.0,1.0,120000.0
6,73.0,3,2,0.0,1.0,1.0,62000.0
2,43.0,2,4,0.0,1.0,1.0,50000.0
2,52.0,"2,5",0,1.0,1.0,1.0,54000.0
8,85.0,"3,5",1,1.0,1.0,1.0,93500.0
8,61.0,2,5,1.0,1.0,0.0,80400.0
8,84.0,3,5,1.0,1.0,1.0,96000.0
6,72.0,3,1,1.0,1.0,0.0,72000.0
6,47.0,2,5,1.0,1.0,1.0,55000.0
6,71.0,3,7,1.0,1.0,0.0,78100.0
2,42.0,2,4,1.0,1.0,0.0,48300.0
5,80.0,3,1,1.0,1.0,1.0,87000.0
6,57.0,2,4,0.0,1.0,1.0,49000.0
6,58.0,3,2,1.0,1.0,1.0,68440.0
2,54.0,3,9,1.0,1.0,1.0,69660.0
6,81.0,3,3,1.0,1.0,1.0,88000.0
8,67.0,3,8,1.0,1.0,1.0,72000.0
6,60.0,3,0,0.0,1.0,1.0,62000.0
5,68.0,3,1,1.0,1.0,0.0,62000.0
2,100.0,4,2,1.0,1.0,1.0,110000.0
8,48.0,3,4,1.0,1.0,1.0,30000.0
2,51.0,2,0,1.0,1.0,0.0,57200.0
6,72.0,3,2,1.0,1.0,1.0,90000.0
2,81.0,4,10,1.0,1.0,1.0,81000.0
5,60.0,"3,5",7,1.0,1.0,1.0,65000.0
2,70.0,3,1,0.0,1.0,1.0,75000.0
2,70.0,3,1,0.0,1.0,1.0,75000.0
8,80.0,4,1,1.0,1.0,1.0,165000.0
1,77.0,"3,5",2,1.0,1.0,1.0,73150.0
5,57.0,2,6,1.0,1.0,1.0,49500.0
5,72.0,"3,5",1,1.0,1.0,1.0,56000.0
6,69.0,"2,5",3,1.0,1.0,1.0,75900.0
5,77.0,"3,5",1,1.0,1.0,1.0,70000.0
5,84.0,3,1,1.0,1.0,1.0,85000.0
36,58.0,3,0,0.0,0.0,1.0,36500.0
1,73.0,2,2,0.0,0.0,1.0,63100.0
6,86.0,3,0,1.0,1.0,0.0,73000.0
5,80.0,4,1,1.0,1.0,1.0,80000.0
2,80.0,4,1,1.0,1.0,1.0,80000.0
5,77.0,3,7,1.0,0.0,1.0,67000.0
8,191.0,5,5,1.0,1.0,1.0,170000.0
8,99.0,4,2,0.0,1.0,1.0,85000.0
2,44.0,2,3,1.0,1.0,1.0,50600.0
2,66.0,3,2,1.0,1.0,1.0,75000.0
8,58.0,3,6,1.0,1.0,1.0,52800.0
2,72.0,3,1,1.0,1.0,1.0,72000.0
2,91.0,4,4,0.0,1.0,1.0,79000.0
39,110.0,"3,5",1,0.0,1.0,1.0,97900.0
2,51.0,2,1,1.0,1.0,1.0,46000.0
5,40.0,2,4,1.0,1.0,1.0,38000.0
6,50.0,2,3,0.0,1.0,0.0,50000.0
6,61.0,3,4,0.0,1.0,0.0,54000.0
8,80.0,3,0,0.0,1.0,1.0,96000.0
8,83.0,3,1,1.0,1.0,1.0,85000.0
1,52.0,2,6,1.0,1.0,1.0,49400.0
1,71.0,"3,5",5,1.0,1.0,0.0,65320.0
1,51.0,"2,5",4,1.0,1.0,1.0,40000.0
5,59.0,"3,5",3,0.0,1.0,1.0,59000.0
5,51.0,"2,5",1,1.0,1.0,1.0,51000.0
30,60.0,"2,5",3,0.0,1.0,1.0,50000.0
5,66.0,"3,5",4,0.0,1.0,1.0,52800.0
6,60.0,2,0,0.0,1.0,0.0,62000.0
30,70.0,3,5,0.0,1.0,1.0,42000.0
30,67.0,"2,5",5,1.0,1.0,1.0,50250.0
5,54.0,3,6,1.0,1.0,1.0,63000.0
2,93.0,4,100,0.0,1.0,1.0,67000.0
8,78.0,3,2,0.0,1.0,0.0,80000.0
2,93.0,4,100,0.0,1.0,1.0,6700.0
8,52.0,2,4,1.0,1.0,1.0,54600.0
8,56.0,2,2,1.0,1.0,1.0,68000.0
8,90.0,3,3,1.0,1.0,0.0,117000.0
2,93.0,4,100,0.0,1.0,1.0,6700.0
2,64.0,3,3,1.0,1.0,1.0,73600.0
8,147.0,4,1,1.0,1.0,1.0,145000.0
6,47.0,2,1,1.0,1.0,0.0,59220.0
8,74.0,3,1,1.0,1.0,1.0,95000.0
8,59.0,3,2,0.0,1.0,1.0,70000.0
2,69.0,3,0,1.0,1.0,1.0,72000.0
2,93.0,4,100,0.0,1.0,1.0,6800.0
36,61.0,3,7,1.0,1.0,1.0,48000.0
36,69.0,"3,5",2,0.0,1.0,1.0,39999.0
2,93.0,4,100,0.0,1.0,1.0,6800.0
5,25.0,1,0,0.0,1.0,0.0,28750.0
2,77.0,4,11,1.0,1.0,1.0,83160.0
2,59.0,3,1,1.0,1.0,1.0,64900.0
2,43.0,2,4,1.0,1.0,1.0,48160.0
2,45.0,2,4,1.0,1.0,0.0,51750.0
2,38.0,2,4,1.0,1.0,0.0,43700.0
5,148.0,4,100,1.0,1.0,0.0,89000.0
5,70.0,3,4,0.0,0.0,1.0,49999.0
6,66.0,3,0,0.0,1.0,1.0,70000.0
2,77.0,3,4,1.0,1.0,1.0,70000.0
5,74.0,2,4,0.0,1.0,0.0,67000.0
30,75.0,"3,5",0,0.0,1.0,1.0,55000.0
8,92.0,3,1,1.0,1.0,1.0,90000.0
6,59.0,3,3,1.0,1.0,0.0,73000.0
8,56.0,2,2,1.0,1.0,1.0,58000.0
2,81.0,"3,5",0,1.0,1.0,1.0,85000.0
8,86.0,"2,5",8,1.0,1.0,1.0,50000.0
8,59.0,3,3,1.0,1.0,1.0,70800.0
2,38.0,1,8,1.0,1.0,0.0,41800.0
36,65.0,3,2,1.0,1.0,0.0,61750.0
6,56.0,2,4,0.0,0.0,1.0,41500.0
30,36.0,2,5,0.0,0.0,0.0,25000.0
2,54.0,1,1,0.0,1.0,1.0,45900.0
2,32.0,1,100,0.0,1.0,1.0,29000.0
5,51.0,3,7,1.0,1.0,0.0,53550.0
2,78.0,4,4,0.0,1.0,1.0,79000.0
8,117.0,4,3,1.0,1.0,1.0,134550.0
5,40.0,2,3,1.0,1.0,0.0,44000.0
8,78.0,"2,5",4,0.0,1.0,1.0,97500.0
18,40.0,2,5,1.0,1.0,1.0,34000.0
8,80.0,3,4,0.0,1.0,1.0,71000.0
2,76.0,4,6,1.0,1.0,1.0,62000.0
8,78.0,3,5,1.0,1.0,1.0,93600.0
1,40.0,2,2,1.0,1.0,1.0,38800.0
8,112.0,4,4,1.0,1.0,0.0,128800.0
6,80.0,3,1,1.0,1.0,1.0,92000.0
8,72.0,3,3,1.0,1.0,1.0,90720.0
5,38.0,2,1,1.0,1.0,1.0,39900.0
8,56.0,2,2,1.0,1.0,0.0,59000.0
8,43.0,2,3,1.0,1.0,1.0,53500.0
6,45.0,2,6,0.0,1.0,0.0,50400.0
2,63.0,3,1,1.0,1.0,0.0,66780.0
6,60.0,2,1,0.0,1.0,1.0,60000.0
8,76.0,3,2,0.0,1.0,1.0,75924.0
8,87.0,4,2,0.0,1.0,1.0,110000.0
6,52.0,2,0,1.0,1.0,1.0,62400.0
8,112.0,4,4,1.0,1.0,0.0,128800.0
6,52.0,2,2,1.0,1.0,1.0,52500.0
5,28.0,2,4,1.0,1.0,1.0,30800.0
2,60.0,3,4,1.0,1.0,0.0,69000.0
5,78.0,3,7,1.0,1.0,0.0,70200.0
5,60.0,2,3,1.0,1.0,0.0,63000.0
5,105.0,5,0,0.0,1.0,1.0,93450.0
8,81.0,3,6,1.0,1.0,1.0,97200.0
8,71.0,3,3,1.0,1.0,1.0,88750.0
8,38.0,2,0,1.0,1.0,1.0,40000.0
8,69.0,3,7,1.0,1.0,1.0,79000.0
5,57.0,3,6,1.0,1.0,1.0,54150.0
8,97.0,4,0,1.0,1.0,1.0,105000.0
2,72.0,3,1,1.0,1.0,1.0,68000.0
1,53.0,2,3,0.0,0.0,1.0,35000.0
2,71.0,"2,5",9,1.0,1.0,1.0,66000.0
2,73.0,3,0,0.0,1.0,1.0,73000.0
8,115.0,4,2,1.0,1.0,0.0,115000.0
8,54.0,"2,5",1,1.0,1.0,1.0,72360.0
2,61.0,3,3,1.0,1.0,1.0,63500.0
2,73.0,3,0,0.0,1.0,1.0,73000.0
5,61.0,2,3,1.0,1.0,1.0,51000.0
2,73.0,3,0,0.0,1.0,1.0,73000.0
6,32.0,1,0,1.0,1.0,1.0,38400.0
8,60.0,3,0,0.0,1.0,1.0,66000.0
6,44.0,"1,5",0,0.0,1.0,1.0,36720.0
8,118.0,4,3,0.0,1.0,1.0,105000.0
8,79.0,3,1,1.0,1.0,1.0,84000.0
6,62.0,2,4,0.0,1.0,1.0,55800.0
6,60.0,"2,5",0,0.0,1.0,1.0,49500.0
6,89.0,3,6,1.0,1.0,1.0,82000.0
2,73.0,3,0,0.0,1.0,1.0,73000.0
2,73.0,3,0,0.0,1.0,1.0,73000.0
2,73.0,3,0,0.0,1.0,1.0,73000.0
2,73.0,3,0,0.0,1.0,1.0,73000.0
2,73.0,3,0,0.0,1.0,1.0,73000.0
8,100.0,4,5,1.0,1.0,1.0,120000.0
5,40.0,2,4,1.0,1.0,1.0,38000.0
6,78.0,3,1,1.0,1.0,1.0,74100.0
6,59.0,3,3,1.0,1.0,0.0,73000.0
2,73.0,3,0,0.0,1.0,1.0,73000.0
8,59.0,3,3,1.0,1.0,1.0,72000.0
6,60.0,3,3,1.0,1.0,1.0,65000.0
2,73.0,3,0,0.0,1.0,1.0,73000.0
6,73.0,3,1,0.0,1.0,1.0,62000.0
8,67.0,3,2,1.0,1.0,1.0,62500.0
8,41.0,"1,5",0,1.0,1.0,1.0,45900.0
2,59.0,3,4,1.0,1.0,0.0,64900.0
2,67.0,3,100,1.0,1.0,0.0,71020.0
2,57.0,3,0,1.0,1.0,0.0,63840.0
8,72.0,3,1,1.0,1.0,1.0,70560.0
6,41.0,2,2,0.0,1.0,1.0,49200.0
8,65.0,4,0,1.0,1.0,1.0,78250.0
2,73.0,3,0,0.0,1.0,1.0,73000.0
2,69.0,3,0,1.0,1.0,1.0,72000.0
2,73.0,3,0,0.0,1.0,1.0,73000.0
8,91.0,3,5,1.0,1.0,1.0,95550.0
6,100.0,4,1,0.0,1.0,1.0,100000.0
8,79.0,3,1,1.0,1.0,1.0,77000.0
8,60.0,2,1,1.0,1.0,1.0,72000.0
6,70.0,3,2,0.0,1.0,1.0,65000.0
2,84.0,3,6,1.0,1.0,1.0,77000.0
8,74.0,3,3,0.0,1.0,1.0,82140.0
5,79.0,3,7,1.0,1.0,0.0,79000.0
6,66.0,2,0,1.0,1.0,1.0,63000.0
8,50.0,1,0,0.0,0.0,1.0,39000.0
5,39.0,2,1,1.0,1.0,1.0,42000.0
8,85.0,"3,5",1,0.0,1.0,1.0,87000.0
2,76.0,4,7,1.0,1.0,1.0,65360.0
8,56.0,3,4,0.0,1.0,1.0,65000.0
36,54.0,3,1,0.0,1.0,1.0,36000.0
36,54.0,3,1,0.0,1.0,1.0,36000.0
30,65.0,3,4,0.0,1.0,1.0,73000.0
36,54.0,3,1,0.0,1.0,1.0,35000.0
5,39.0,2,5,1.0,1.0,1.0,42840.0
8,44.0,2,0,0.0,1.0,1.0,44000.0
30,70.0,3,8,1.0,1.0,0.0,48000.0
2,58.0,3,2,1.0,1.0,1.0,65000.0
2,73.0,3,0,0.0,1.0,1.0,73000.0
6,85.0,4,5,1.0,1.0,1.0,99500.0
6,64.0,3,1,0.0,1.0,1.0,64000.0
8,93.0,5,1,1.0,1.0,1.0,108000.0
6,92.0,3,1,1.0,1.0,1.0,99750.0
8,85.0,3,3,1.0,1.0,1.0,106250.0
2,73.0,"3,5",0,0.0,1.0,1.0,73000.0
6,59.0,3,3,1.0,1.0,0.0,73400.0
8,50.0,2,6,1.0,1.0,1.0,59000.0
8,58.0,2,4,1.0,1.0,1.0,70000.0
8,80.0,3,5,1.0,1.0,1.0,94000.0
2,100.0,4,1,1.0,1.0,1.0,90000.0
5,54.0,2,1,1.0,1.0,0.0,58000.0
5,77.0,3,6,1.0,1.0,1.0,70000.0
8,180.0,5,2,1.0,1.0,1.0,200000.0
6,54.0,2,2,1.0,1.0,1.0,67500.0
8,85.0,3,1,1.0,1.0,0.0,87000.0
8,52.0,2,0,1.0,1.0,0.0,62400.0
6,57.0,2,5,1.0,1.0,0.0,59850.0
5,80.0,3,6,1.0,1.0,1.0,79000.0
8,58.0,2,1,1.0,1.0,1.0,70000.0
6,120.0,3,2,1.0,1.0,1.0,100000.0
8,86.0,3,12,1.0,1.0,1.0,93000.0
8,101.0,3,5,1.0,1.0,1.0,125000.0
8,70.0,3,5,1.0,1.0,1.0,81000.0
36,91.0,3,3,1.0,1.0,1.0,95000.0
8,84.0,2,5,1.0,1.0,1.0,100800.0
2,36.0,1,0,0.0,1.0,1.0,32000.0
6,62.0,"2,5",4,0.0,1.0,1.0,55800.0
8,85.0,4,0,1.0,1.0,1.0,97750.0
8,71.0,3,4,1.0,1.0,1.0,78000.0
8,86.0,"2,5",5,1.0,1.0,1.0,94600.0
6,72.0,"3,5",4,0.0,1.0,1.0,66000.0
8,36.0,2,1,0.0,1.0,0.0,90000.0
8,140.0,4,2,1.0,1.0,1.0,180000.0
5,96.0,3,1,1.0,1.0,1.0,75000.0
8,62.0,1,1,1.0,1.0,1.0,68200.0
2,35.0,2,5,0.0,1.0,1.0,35000.0
11,44.0,2,4,0.0,1.0,1.0,29000.0
1,60.0,3,4,0.0,1.0,1.0,44000.0
1,60.0,3,4,0.0,0.0,1.0,42000.0
6,65.0,3,2,1.0,1.0,1.0,68250.0
6,45.0,2,6,1.0,1.0,0.0,49500.0
6,44.0,2,0,1.0,1.0,0.0,49280.0
2,74.0,3,1,1.0,1.0,0.0,78440.0
1,50.0,2,1,0.0,1.0,1.0,45000.0
8,40.0,2,0,0.0,1.0,1.0,48960.0
2,65.0,2,1,1.0,0.0,0.0,87750.0
6,52.0,3,6,1.0,1.0,1.0,57200.0
2,75.0,4,10,1.0,1.0,0.0,76000.0
2,41.0,2,0,1.0,1.0,1.0,42000.0
8,250.0,5,6,1.0,1.0,1.0,300000.0
8,85.0,3,1,1.0,1.0,1.0,105000.0
8,50.0,1,2,1.0,1.0,1.0,57500.0
6,56.0,3,1,0.0,1.0,1.0,46000.0
2,54.0,2,4,0.0,1.0,0.0,60000.0
8,64.0,3,0,1.0,1.0,1.0,73600.0
8,50.0,2,7,1.0,1.0,1.0,60000.0
6,52.0,2,6,1.0,1.0,1.0,57200.0
6,66.0,1,10,1.0,1.0,0.0,62000.0
8,83.0,3,5,1.0,1.0,1.0,91300.0
8,26.0,"1,5",1,0.0,1.0,1.0,32500.0
38,109.0,5,5,1.0,1.0,1.0,119900.0
5,53.0,2,4,1.0,1.0,1.0,56000.0
6,51.0,2,0,1.0,1.0,1.0,61200.0
2,90.0,3,4,0.0,1.0,0.0,70000.0
5,56.0,2,7,1.0,1.0,1.0,50000.0
5,66.0,3,5,0.0,1.0,0.0,47000.0
2,98.0,4,2,1.0,1.0,1.0,93000.0
2,69.0,3,7,1.0,1.0,1.0,63000.0
5,80.0,3,6,1.0,1.0,1.0,78000.0
8,85.0,3,1,0.0,1.0,1.0,85000.0
6,106.0,4,4,1.0,1.0,1.0,116600.0
6,96.0,4,0,0.0,1.0,1.0,105000.0
1,75.0,4,4,0.0,1.0,1.0,43500.0
6,70.0,3,-1,0.0,1.0,1.0,50000.0
6,40.0,2,0,1.0,1.0,1.0,40000.0
6,51.0,1,1,0.0,1.0,1.0,58650.0
6,26.0,1,0,0.0,1.0,0.0,22000.0
6,50.0,2,1,0.0,1.0,1.0,57500.0
6,140.0,4,2,0.0,1.0,1.0,133000.0
2,70.0,"2,5",3,0.0,1.0,0.0,52500.0
30,96.0,3,4,0.0,1.0,1.0,50000.0
5,60.0,2,4,1.0,1.0,0.0,60000.0
2,99.0,4,9,1.0,1.0,1.0,85500.0
5,57.0,3,0,1.0,1.0,1.0,46500.0
5,88.0,3,1,0.0,1.0,1.0,74000.0
5,45.0,2,100,0.0,1.0,1.0,42000.0
6,50.0,2,0,0.0,1.0,1.0,50000.0
6,60.0,2,1,0.0,1.0,0.0,50000.0
5,53.0,2,7,1.0,1.0,0.0,39000.0
6,50.0,2,0,0.0,1.0,1.0,50000.0
6,70.0,"3,5",4,1.0,1.0,1.0,84000.0
5,78.0,3,1,1.0,1.0,1.0,74100.0
6,85.0,4,4,1.0,1.0,1.0,76000.0
6,106.0,4,4,1.0,1.0,1.0,116600.0
8,106.0,3,4,1.0,1.0,1.0,117766.0
5,63.0,3,0,0.0,1.0,1.0,54000.0
10,80.0,3,1,0.0,1.0,1.0,76000.0
5,53.0,2,4,1.0,1.0,1.0,56000.0
2,88.0,4,5,0.0,1.0,1.0,75000.0
6,43.0,3,4,0.0,1.0,1.0,43000.0
6,55.0,2,7,1.0,1.0,0.0,62000.0
6,59.0,3,5,1.0,1.0,0.0,61950.0
5,25.0,3,100,1.0,0.0,0.0,25000.0
8,115.0,4,2,1.0,1.0,0.0,115000.0
2,54.0,3,9,1.0,1.0,1.0,69660.0
8,110.0,4,2,1.0,1.0,1.0,125000.0
2,106.0,"3,5",1,1.0,1.0,1.0,87000.0
5,53.0,2,4,1.0,1.0,1.0,56000.0
5,57.0,2,6,1.0,1.0,1.0,49500.0
6,106.0,4,4,1.0,1.0,1.0,106000.0
8,49.0,2,0,1.0,1.0,1.0,56000.0
8,85.0,3,1,1.0,1.0,0.0,82450.0
36,62.0,"2,5",0,0.0,1.0,1.0,57000.0
5,39.0,2,1,1.0,1.0,1.0,41000.0
2,81.0,4,100,1.0,1.0,0.0,90720.0
8,92.0,4,3,1.0,1.0,0.0,110000.0
2,97.0,3,0,1.0,1.0,1.0,98000.0
2,74.0,"2,5",0,0.0,1.0,1.0,74000.0
6,57.0,2,5,1.0,1.0,0.0,60500.0
2,58.0,2,5,1.0,1.0,1.0,55000.0
6,72.0,3,2,1.0,1.0,1.0,93600.0
6,80.0,4,1,0.0,1.0,1.0,84000.0
8,58.0,2,1,1.0,1.0,1.0,72500.0
10,83.0,4,2,1.0,1.0,1.0,74700.0
2,98.0,3,5,1.0,1.0,0.0,85000.0
5,72.0,"3,5",1,1.0,1.0,1.0,56000.0
36,105.0,4,2,0.0,1.0,1.0,85000.0
30,51.0,3,8,1.0,1.0,1.0,34000.0
36,64.0,3,8,1.0,1.0,1.0,55000.0
6,115.0,4,3,1.0,1.0,1.0,100000.0
8,83.0,3,6,1.0,1.0,1.0,103750.0
30,96.0,4,2,0.0,1.0,1.0,65000.0
6,71.0,3,6,1.0,1.0,0.0,74550.0
6,137.0,5,2,1.0,1.0,1.0,150700.0
6,57.0,3,1,1.0,1.0,0.0,65550.0
6,52.0,2,3,0.0,1.0,0.0,43160.0
8,53.0,1,2,1.0,1.0,1.0,69000.0
6,74.0,3,4,0.0,1.0,1.0,70000.0
2,69.0,3,2,1.0,1.0,0.0,65550.0
8,176.0,5,100,1.0,1.0,1.0,176000.0
6,70.0,3,1,0.0,1.0,1.0,70000.0
1,72.0,3,3,0.0,1.0,1.0,50000.0
8,81.0,3,1,1.0,1.0,1.0,97200.0
8,62.0,3,1,0.0,1.0,1.0,57000.0
6,81.0,3,4,1.0,1.0,1.0,76950.0
8,52.0,2,4,1.0,1.0,1.0,54600.0
2,104.0,4,6,1.0,1.0,1.0,110000.0
8,71.0,3,3,1.0,1.0,0.0,99000.0
5,60.0,3,1,0.0,1.0,1.0,55000.0
5,54.0,2,4,1.0,1.0,1.0,56000.0
6,94.0,4,5,1.0,1.0,1.0,104000.0
2,100.0,4,1,1.0,1.0,1.0,90000.0
2,47.0,3,7,1.0,1.0,1.0,47000.0
8,63.0,3,1,1.0,1.0,1.0,80000.0
8,58.0,3,5,1.0,1.0,1.0,63800.0
2,90.0,3,4,1.0,1.0,1.0,82000.0
6,68.0,3,3,1.0,1.0,1.0,71400.0
8,51.0,2,3,1.0,1.0,1.0,58650.0
2,66.0,3,2,1.0,1.0,1.0,75000.0
2,69.0,3,0,1.0,1.0,1.0,72000.0
2,75.0,3,3,1.0,1.0,0.0,63750.0
36,80.0,"3,5",8,1.0,1.0,1.0,64000.0
36,55.0,3,1,0.0,1.0,1.0,39500.0
5,86.0,4,5,0.0,1.0,1.0,73000.0
2,45.0,3,7,1.0,1.0,1.0,47000.0
6,55.0,3,2,0.0,0.0,1.0,58000.0
6,84.0,3,7,1.0,1.0,1.0,89000.0
2,45.0,2,7,1.0,1.0,0.0,47000.0
5,44.0,1,1,1.0,1.0,0.0,46200.0
6,60.0,"2,5",2,1.0,1.0,1.0,50000.0
1,50.0,2,2,0.0,0.0,1.0,9000.0
1,52.0,2,3,0.0,1.0,0.0,43000.0
5,49.0,"2,5",6,1.0,1.0,1.0,53500.0
8,60.0,2,1,0.0,1.0,1.0,48000.0
8,66.0,1,2,0.0,1.0,1.0,68000.0
11,36.0,1,2,1.0,1.0,0.0,38500.0
2,28.0,1,1,1.0,1.0,1.0,29500.0
8,63.0,3,3,1.0,1.0,0.0,75600.0
6,62.0,2,4,0.0,1.0,1.0,55800.0
36,53.0,2,0,0.0,1.0,1.0,38000.0
2,62.0,3,1,0.0,1.0,0.0,60500.0
8,68.0,3,4,0.0,1.0,0.0,61000.0
5,82.0,3,3,1.0,1.0,0.0,92000.0
6,76.0,3,1,1.0,1.0,0.0,88920.0
6,80.0,3,1,1.0,1.0,1.0,92000.0
8,52.0,3,3,0.0,0.0,1.0,54600.0
1,60.0,2,2,0.0,0.0,1.0,47000.0
2,66.0,3,2,1.0,1.0,1.0,75000.0
8,91.0,2,2,0.0,1.0,1.0,95000.0
2,68.0,"3,5",0,1.0,1.0,1.0,75000.0
2,74.0,3,1,0.0,1.0,1.0,71040.0
8,56.0,2,2,1.0,0.0,1.0,64400.0
6,82.0,3,8,1.0,1.0,1.0,91000.0
6,65.0,3,0,1.0,1.0,1.0,71500.0
8,75.0,3,0,1.0,1.0,1.0,76000.0
2,53.0,3,0,1.0,1.0,1.0,60000.0
6,94.0,4,8,1.0,1.0,1.0,88000.0
2,72.0,3,2,1.0,1.0,1.0,68400.0
6,85.0,3,2,0.0,1.0,0.0,109650.0
6,82.0,3,1,0.0,1.0,0.0,78000.0
2,50.0,2,1,1.0,1.0,0.0,51500.0
5,75.0,3,5,0.0,1.0,1.0,63500.0
8,50.0,1,3,1.0,0.0,0.0,55000.0
30,78.0,3,3,0.0,1.0,0.0,60000.0
5,84.0,3,5,1.0,1.0,1.0,64000.0
36,75.0,"3,5",1,1.0,1.0,1.0,61000.0
6,126.0,4,2,0.0,1.0,1.0,151200.0
6,75.0,3,3,1.0,1.0,1.0,75000.0
8,67.0,3,8,1.0,1.0,1.0,72000.0
8,90.0,4,3,0.0,1.0,1.0,85000.0
2,137.0,4,3,0.0,1.0,0.0,109600.0
2,48.0,2,5,1.0,1.0,0.0,55000.0
8,60.0,3,2,1.0,1.0,0.0,84000.0
2,66.0,3,7,1.0,1.0,1.0,50000.0
2,40.0,2,10,1.0,1.0,0.0,48000.0
8,54.0,2,4,1.0,1.0,1.0,67500.0
8,86.0,4,1,0.0,1.0,0.0,94000.0
10,42.0,2,0,1.0,1.0,1.0,37380.0
6,59.0,2,3,0.0,1.0,1.0,59000.0
6,52.0,2,1,1.0,1.0,1.0,49400.0
6,40.0,2,0,0.0,1.0,1.0,40000.0
6,42.0,2,3,0.0,1.0,1.0,58700.0
8,60.0,2,4,1.0,1.0,0.0,76000.0
8,41.0,2,3,1.0,1.0,1.0,38950.0
2,53.0,2,0,1.0,1.0,0.0,60000.0
8,77.0,3,2,1.0,1.0,1.0,96250.0
5,100.0,3,8,1.0,1.0,1.0,79000.0
5,88.0,3,1,0.0,1.0,0.0,83600.0
36,27.0,1,3,1.0,1.0,1.0,7990.0
30,61.0,2,9,1.0,1.0,0.0,59000.0
8,65.0,3,3,0.0,1.0,1.0,48000.0
6,57.0,2,1,1.0,1.0,1.0,61000.0
8,71.0,3,1,1.0,1.0,0.0,80000.0
30,61.0,2,9,1.0,1.0,0.0,59000.0
6,42.0,2,2,1.0,1.0,1.0,42000.0
5,76.0,3,2,0.0,1.0,1.0,60800.0
2,86.0,2,0,0.0,1.0,0.0,66000.0
2,96.0,4,1,1.0,1.0,1.0,96000.0
2,48.0,2,5,1.0,1.0,0.0,55000.0
2,96.0,4,1,1.0,1.0,1.0,96000.0
6,91.0,4,1,1.0,1.0,1.0,91000.0
8,93.0,4,0,1.0,1.0,1.0,110000.0
8,63.0,3,0,1.0,1.0,0.0,56000.0
6,66.0,3,2,0.0,1.0,1.0,61000.0
2,30.0,1,6,1.0,1.0,1.0,35000.0
8,52.0,2,0,1.0,1.0,1.0,57200.0
5,100.0,6,1,0.0,0.0,1.0,87000.0
2,61.0,"2,5",5,1.0,1.0,0.0,55000.0
6,60.0,1,2,0.0,1.0,0.0,60000.0
2,40.0,"2,5",8,1.0,1.0,1.0,39000.0
8,100.0,4,3,1.0,1.0,1.0,120000.0
2,56.0,2,1,1.0,1.0,1.0,50000.0
2,65.0,3,6,1.0,1.0,1.0,60000.0
8,74.0,3,1,1.0,1.0,1.0,97000.0
2,41.0,2,0,1.0,1.0,0.0,41000.0
6,41.0,1,1,0.0,1.0,1.0,39000.0
8,35.0,2,2,1.0,1.0,1.0,44000.0
8,62.0,3,0,0.0,1.0,1.0,74400.0
8,50.0,3,3,1.0,1.0,1.0,47500.0
1,55.0,3,4,0.0,1.0,1.0,43000.0
6,96.0,3,9,1.0,1.0,1.0,99840.0
8,59.0,3,0,1.0,1.0,0.0,73750.0
8,55.0,2,2,1.0,1.0,1.0,100000.0
2,48.0,2,4,1.0,1.0,1.0,51000.0
6,74.0,"3,5",4,1.0,1.0,1.0,68080.0
8,87.0,2,12,1.0,1.0,0.0,90000.0
8,46.0,2,3,0.0,1.0,1.0,43000.0
5,40.0,2,3,1.0,1.0,0.0,44000.0
30,51.0,3,8,1.0,1.0,1.0,34000.0
8,149.0,4,6,1.0,1.0,1.0,125000.0
6,54.0,3,0,1.0,0.0,1.0,60000.0
1,79.0,2,1,0.0,1.0,1.0,60000.0
6,63.0,3,6,1.0,1.0,0.0,78750.0
36,56.0,2,3,0.0,1.0,1.0,37000.0
2,70.0,3,9,1.0,1.0,0.0,63000.0
6,95.0,3,1,0.0,1.0,1.0,93000.0
8,77.0,3,7,1.0,1.0,1.0,65450.0
8,75.0,3,2,0.0,1.0,1.0,54750.0
5,60.0,"2,5",3,1.0,1.0,1.0,60000.0
8,98.0,4,2,0.0,1.0,1.0,86000.0
5,78.0,3,2,0.0,1.0,1.0,62000.0
8,65.0,3,2,1.0,1.0,1.0,68250.0
8,38.0,"1,5",8,1.0,1.0,1.0,41800.0
8,56.0,2,2,1.0,1.0,1.0,53200.0
8,65.0,3,2,1.0,1.0,0.0,61750.0
8,136.0,"4,5",3,0.0,1.0,0.0,136000.0
2,47.0,2,9,1.0,1.0,0.0,53000.0
6,74.0,2,10,1.0,1.0,0.0,59000.0
8,77.0,3,3,1.0,1.0,1.0,110000.0
6,77.0,3,1,0.0,1.0,1.0,88550.0
30,51.0,3,8,1.0,1.0,1.0,34000.0
2,58.0,2,5,1.0,1.0,0.0,62500.0
1,75.0,4,4,0.0,1.0,1.0,43500.0
2,96.0,4,1,1.0,1.0,1.0,96000.0
6,154.0,6,1,1.0,1.0,1.0,184800.0
5,104.0,"4,5",4,0.0,1.0,1.0,76000.0
6,60.0,1,8,1.0,1.0,0.0,67200.0
2,50.0,1,3,0.0,1.0,0.0,50000.0
36,52.0,3,0,0.0,1.0,1.0,32000.0
2,66.0,3,2,1.0,1.0,1.0,65000.0
8,76.0,3,2,0.0,1.0,1.0,63000.0
8,60.0,1,5,0.0,1.0,0.0,60000.0
2,46.0,2,6,1.0,1.0,1.0,50600.0
6,70.0,3,2,1.0,1.0,1.0,84000.0
6,75.0,3,1,1.0,1.0,1.0,78000.0
1,41.0,2,1,0.0,1.0,1.0,29000.0
2,63.0,3,1,0.0,1.0,1.0,60000.0
6,42.0,2,4,1.0,1.0,1.0,44100.0
8,68.0,3,1,0.0,1.0,1.0,70000.0
6,117.0,4,2,1.0,1.0,1.0,120000.0
5,72.0,"3,5",1,1.0,1.0,1.0,56000.0
8,72.0,"2,5",4,0.0,1.0,1.0,70000.0
6,80.0,3,1,0.0,1.0,1.0,63000.0
8,61.0,2,2,0.0,1.0,1.0,44500.0
2,61.0,2,0,0.0,1.0,1.0,54000.0
2,72.0,3,5,1.0,1.0,1.0,80000.0
6,42.0,2,5,1.0,1.0,1.0,48300.0
6,56.0,2,4,1.0,1.0,1.0,56560.0
1,75.0,4,4,0.0,1.0,1.0,43500.0
5,51.0,2,2,1.0,1.0,1.0,49500.0
8,93.0,3,1,1.0,1.0,0.0,108000.0
2,77.0,4,10,1.0,1.0,0.0,84700.0
5,72.0,"3,5",1,1.0,1.0,1.0,56000.0
6,150.0,4,10,1.0,1.0,0.0,157500.0
2,59.0,1,0,1.0,1.0,0.0,65000.0
6,88.0,3,8,1.0,1.0,1.0,101200.0
8,50.0,2,3,1.0,1.0,1.0,63000.0
2,76.0,3,4,1.0,1.0,1.0,79800.0
8,99.0,4,3,1.0,1.0,1.0,105000.0
8,52.0,"2,5",2,1.0,1.0,1.0,70200.0
8,52.0,3,3,0.0,1.0,1.0,65000.0
2,70.0,3,9,1.0,1.0,0.0,72500.0
8,93.0,4,0,0.0,1.0,1.0,100000.0
8,80.0,4,1,1.0,1.0,1.0,153000.0
6,72.0,3,2,1.0,1.0,1.0,93600.0
8,81.0,3,6,1.0,1.0,1.0,94770.0
8,75.0,3,5,1.0,1.0,0.0,99000.0
2,64.0,3,10,1.0,1.0,1.0,62000.0
5,40.0,2,0,1.0,1.0,0.0,10000.0
6,57.0,"2,5",0,1.0,1.0,1.0,61500.0
6,71.0,3,1,1.0,1.0,0.0,85000.0
2,60.0,3,1,0.0,1.0,1.0,55000.0
2,72.0,3,5,1.0,1.0,1.0,75600.0
8,55.0,3,5,1.0,1.0,1.0,105000.0
6,57.0,2,1,1.0,1.0,1.0,61000.0
2,75.0,3,0,1.0,1.0,1.0,78750.0
8,140.0,4,1,1.0,1.0,1.0,180000.0
8,73.0,3,1,0.0,1.0,0.0,62000.0
8,43.0,2,3,1.0,1.0,1.0,55900.0
8,90.0,3,3,1.0,1.0,0.0,117000.0
2,30.0,1,6,1.0,1.0,1.0,33500.0
6,72.0,"2,5",1,0.0,1.0,0.0,58000.0
11,74.0,4,5,0.0,1.0,1.0,56000.0
8,91.0,2,2,0.0,1.0,1.0,95000.0
8,115.0,4,2,1.0,1.0,0.0,115000.0
2,80.0,4,7,1.0,1.0,1.0,80000.0
8,60.0,2,5,1.0,1.0,1.0,54000.0
6,105.0,4,2,1.0,1.0,1.0,105000.0
36,80.0,"3,5",6,0.0,1.0,0.0,52000.0
2,78.0,3,4,1.0,1.0,0.0,85800.0
6,59.0,2,3,0.0,1.0,0.0,58000.0
6,85.0,3,5,1.0,1.0,1.0,78000.0
2,63.0,3,4,1.0,1.0,0.0,70000.0
8,92.0,3,2,1.0,1.0,1.0,92000.0
5,37.0,2,0,1.0,1.0,0.0,39000.0
2,60.0,2,1,0.0,1.0,1.0,55000.0
8,108.0,4,2,0.0,1.0,1.0,130000.0
5,52.0,2,1,1.0,1.0,0.0,61600.0
1,53.0,"2,5",0,0.0,1.0,0.0,45000.0
6,65.0,3,2,1.0,1.0,1.0,71500.0
8,72.0,3,1,1.0,1.0,1.0,90000.0
2,37.0,2,8,1.0,1.0,0.0,36963.0
5,72.0,"3,5",1,1.0,1.0,1.0,56000.0
8,71.0,3,1,1.0,1.0,1.0,80000.0
8,61.0,2,2,1.0,1.0,1.0,82600.0
8,133.0,4,1,0.0,1.0,0.0,155000.0
6,65.0,3,2,1.0,1.0,1.0,71500.0
5,77.0,2,7,1.0,1.0,0.0,73000.0
5,72.0,"3,5",1,1.0,1.0,1.0,56000.0
6,111.0,4,4,1.0,1.0,1.0,125000.0
6,59.0,1,3,0.0,1.0,0.0,59000.0
6,70.0,2,2,0.0,1.0,0.0,70000.0
30,70.0,3,8,1.0,1.0,0.0,48000.0
5,58.0,3,3,1.0,1.0,1.0,58000.0
8,102.0,4,4,1.0,1.0,1.0,101898.0
8,95.0,4,1,1.0,1.0,1.0,104500.0
8,109.0,4,2,1.0,0.0,1.0,185300.0
8,128.0,3,100,1.0,1.0,1.0,153600.0
5,40.0,2,3,1.0,1.0,0.0,44000.0
8,74.0,4,1,1.0,1.0,1.0,85100.0
5,46.0,4,4,1.0,1.0,0.0,51980.0
6,52.0,2,4,1.0,1.0,1.0,57200.0
36,56.0,2,2,1.0,1.0,0.0,53760.0
6,104.0,4,6,1.0,1.0,1.0,127000.0
2,38.0,2,8,1.0,1.0,0.0,42500.0
5,72.0,"3,5",1,1.0,1.0,1.0,56000.0
5,46.0,2,4,1.0,1.0,0.0,51980.0
8,50.0,"2,5",2,1.0,1.0,1.0,105000.0
6,66.0,2,9,1.0,1.0,0.0,65000.0
8,43.0,"2,5",3,1.0,1.0,1.0,56500.0
8,155.0,4,1,0.0,1.0,1.0,160000.0
8,158.0,4,2,1.0,1.0,1.0,205400.0
6,56.0,2,1,1.0,1.0,1.0,50400.0
6,56.0,3,0,1.0,1.0,1.0,61600.0
2,78.0,3,0,0.0,1.0,0.0,85000.0
2,78.0,3,0,0.0,1.0,0.0,85000.0
2,78.0,3,0,0.0,1.0,0.0,66300.0
2,73.0,3,2,1.0,1.0,1.0,70000.0
8,63.0,3,1,1.0,1.0,0.0,80000.0
2,60.0,2,1,1.0,1.0,1.0,63000.0
5,63.0,2,6,1.0,1.0,1.0,52500.0
5,40.0,2,4,0.0,1.0,1.0,30000.0
11,65.0,3,0,0.0,1.0,1.0,42250.0
11,65.0,3,0,0.0,1.0,1.0,42250.0
6,50.0,3,2,0.0,1.0,1.0,61000.0
8,97.0,3,4,0.0,1.0,1.0,85000.0
6,75.0,3,4,0.0,1.0,0.0,82500.0
8,58.0,2,1,1.0,1.0,0.0,56100.0
8,71.0,3,2,1.0,1.0,1.0,108000.0
6,85.0,4,4,1.0,1.0,1.0,75000.0
6,49.0,2,6,1.0,1.0,1.0,46550.0
6,62.0,3,1,1.0,1.0,1.0,68200.0
8,82.0,"2,5",2,1.0,1.0,1.0,106600.0
6,521.0,2,1,1.0,1.0,1.0,521000.0
6,61.0,3,2,1.0,1.0,1.0,79300.0
1,75.0,4,4,0.0,1.0,1.0,43500.0
8,60.0,3,2,1.0,1.0,0.0,84000.0
2,92.0,"3,5",0,1.0,1.0,1.0,95000.0
6,70.0,3,2,0.0,1.0,1.0,65000.0
8,56.0,2,2,0.0,1.0,1.0,64000.0
6,70.0,3,2,0.0,1.0,1.0,84000.0
1,46.0,2,3,1.0,1.0,1.0,45000.0
6,95.0,3,10,1.0,1.0,0.0,103000.0
5,57.0,1,6,1.0,1.0,1.0,49500.0
8,55.0,2,3,1.0,1.0,0.0,65500.0
6,58.0,"3,5",3,0.0,1.0,0.0,59900.0
6,72.0,4,2,0.0,1.0,1.0,82800.0
8,76.0,3,2,1.0,1.0,0.0,92000.0
6,80.0,4,2,0.0,1.0,1.0,87000.0
8,83.0,3,2,1.0,1.0,1.0,99600.0
8,84.0,3,2,1.0,1.0,1.0,96600.0
6,113.0,4,2,0.0,1.0,1.0,124300.0
8,43.0,2,3,1.0,1.0,1.0,58000.0
5,68.0,2,6,1.0,1.0,0.0,49600.0
8,38.0,2,3,0.0,1.0,1.0,28000.0
8,55.0,2,5,1.0,1.0,1.0,73000.0
8,91.0,3,12,1.0,1.0,0.0,92000.0
8,52.0,2,0,1.0,1.0,1.0,57000.0
2,86.0,4,2,0.0,1.0,1.0,84280.0
5,61.0,2,5,1.0,1.0,0.0,55510.0
6,62.0,3,0,0.0,1.0,1.0,65000.0
5,35.0,1,6,1.0,1.0,1.0,25000.0
5,72.0,3,4,0.0,1.0,1.0,49900.0
5,28.0,1,6,1.0,1.0,0.0,35000.0
8,43.0,2,3,1.0,1.0,0.0,58000.0
8,105.0,4,1,0.0,1.0,1.0,86000.0
36,42.0,2,2,0.0,1.0,1.0,38750.0
5,55.0,3,5,0.0,1.0,1.0,43000.0
8,60.0,3,2,1.0,1.0,0.0,84000.0
5,40.0,2,3,1.0,1.0,0.0,44000.0
2,84.0,4,2,0.0,1.0,1.0,82320.0
5,76.0,3,2,0.0,1.0,1.0,64000.0
6,79.0,3,6,1.0,1.0,0.0,70000.0
36,58.0,2,4,0.0,1.0,0.0,49000.0
5,49.0,1,5,1.0,1.0,0.0,47000.0
6,70.0,3,1,0.0,1.0,1.0,70000.0
6,57.0,1,4,1.0,1.0,0.0,62000.0
8,92.0,3,3,0.0,1.0,1.0,71760.0
8,42.0,2,100,1.0,0.0,0.0,42000.0
5,57.0,3,1,0.0,1.0,1.0,55000.0
8,97.0,3,2,1.0,1.0,1.0,121250.0
8,100.0,4,5,1.0,1.0,1.0,110000.0
8,79.0,3,1,1.0,1.0,1.0,72000.0
2,56.0,2,2,0.0,1.0,1.0,54880.0
2,84.0,4,2,0.0,1.0,1.0,82320.0
8,53.0,1,2,0.0,1.0,1.0,52000.0
5,55.0,2,5,1.0,1.0,1.0,54999.0
8,95.0,3,12,1.0,1.0,1.0,85000.0
6,55.0,3,2,0.0,0.0,1.0,65000.0
2,69.0,"3,5",8,1.0,1.0,1.0,74800.0
5,39.0,2,1,1.0,1.0,0.0,41000.0
6,81.0,2,3,1.0,1.0,1.0,81000.0
5,62.0,3,2,1.0,1.0,1.0,56000.0
2,58.0,1,1,1.0,1.0,0.0,55000.0
5,30.0,"1,5",1,1.0,1.0,1.0,33000.0
6,62.0,4,0,0.0,1.0,1.0,72000.0
8,90.0,3,9,1.0,1.0,1.0,106000.0
5,72.0,3,4,0.0,1.0,1.0,49900.0
1,43.0,2,6,1.0,1.0,1.0,38000.0
2,120.0,4,3,1.0,1.0,1.0,130000.0
6,62.0,2,4,0.0,1.0,0.0,52000.0
2,58.0,2,1,1.0,1.0,1.0,55000.0
8,20.0,"2,5",3,1.0,1.0,1.0,19000.0
6,51.0,2,2,0.0,0.0,0.0,43350.0
5,57.0,2,2,1.0,1.0,1.0,50000.0
5,72.0,3,4,0.0,1.0,1.0,49900.0
6,52.0,2,2,0.0,1.0,1.0,65000.0
8,118.0,4,5,1.0,1.0,1.0,116000.0
2,42.0,"2,5",5,0.0,1.0,1.0,42500.0
8,65.0,3,5,1.0,1.0,1.0,85000.0
6,74.0,"3,5",1,0.0,1.0,1.0,90000.0
8,85.0,3,12,1.0,1.0,1.0,85000.0
8,20.0,"1,5",3,1.0,1.0,1.0,19000.0
2,67.0,3,3,1.0,1.0,1.0,61000.0
8,65.0,3,7,1.0,1.0,1.0,81000.0
8,52.0,3,2,0.0,1.0,1.0,54000.0
8,88.0,3,1,0.0,1.0,0.0,95040.0
8,85.0,3,11,1.0,1.0,1.0,97000.0
8,47.0,2,6,1.0,1.0,1.0,57000.0
8,111.0,4,3,1.0,1.0,1.0,111000.0
2,67.0,3,9,1.0,1.0,1.0,62310.0
2,68.0,3,7,1.0,1.0,1.0,68000.0
6,60.0,3,0,0.0,1.0,1.0,55000.0
5,30.0,2,1,1.0,1.0,0.0,33000.0
5,59.0,2,7,1.0,1.0,1.0,50000.0
6,53.0,2,3,1.0,1.0,1.0,60950.0
8,54.0,3,3,1.0,1.0,1.0,60000.0
8,76.0,"4,5",0,0.0,1.0,0.0,85000.0
8,85.0,3,12,1.0,1.0,1.0,85000.0
6,60.0,2,1,0.0,1.0,1.0,55000.0
2,58.0,2,2,1.0,1.0,0.0,58000.0
8,81.0,3,7,1.0,1.0,1.0,81000.0
6,63.0,3,1,1.0,1.0,1.0,75600.0
2,65.0,2,2,1.0,1.0,1.0,58500.0
5,50.0,3,4,0.0,1.0,1.0,50000.0
8,85.0,"3,5",3,0.0,1.0,1.0,80750.0
6,60.0,2,8,1.0,1.0,1.0,67200.0
30,85.0,3,6,1.0,1.0,1.0,56100.0
2,58.0,2,5,1.0,1.0,0.0,62500.0
6,127.0,4,4,1.0,1.0,0.0,133350.0
2,65.0,3,1,1.0,1.0,1.0,60000.0
8,68.0,3,3,0.0,1.0,1.0,70000.0
6,60.0,3,1,1.0,1.0,1.0,65000.0
6,51.0,2,2,0.0,1.0,1.0,44500.0
6,80.0,3,1,1.0,1.0,1.0,92000.0
2,61.0,2,5,1.0,1.0,1.0,51000.0
6,73.0,3,4,0.0,1.0,1.0,62000.0
6,58.0,3,0,1.0,1.0,1.0,57130.0
8,108.0,2,5,1.0,1.0,1.0,96000.0
8,90.0,2,3,1.0,1.0,1.0,120000.0
5,73.0,3,6,1.0,1.0,1.0,52000.0
1,43.0,2,5,0.0,1.0,0.0,33000.0
5,36.0,1,3,0.0,1.0,0.0,47200.0
8,56.0,1,0,1.0,1.0,1.0,55000.0
8,74.0,3,1,1.0,1.0,1.0,88800.0
2,70.0,2,1,1.0,1.0,0.0,66000.0
2,65.0,"1,5",9,1.0,1.0,1.0,53000.0
6,52.0,2,4,0.0,1.0,0.0,47000.0
6,89.0,2,6,1.0,1.0,0.0,84000.0
5,56.0,1,7,1.0,1.0,0.0,50000.0
8,86.0,3,5,1.0,1.0,0.0,111800.0
6,63.0,2,4,1.0,1.0,1.0,65000.0
2,94.0,"3,5",5,1.0,1.0,1.0,84000.0
8,60.0,2,4,1.0,1.0,0.0,75000.0
6,80.0,3,6,1.0,1.0,0.0,92000.0
6,62.0,2,9,1.0,1.0,0.0,71000.0
8,81.0,3,7,1.0,1.0,1.0,81000.0
2,69.0,3,2,1.0,1.0,1.0,63900.0
1,74.0,3,4,0.0,1.0,1.0,45000.0
2,85.0,"3,5",3,1.0,1.0,1.0,79900.0
2,76.0,3,4,1.0,1.0,1.0,70000.0
2,62.0,1,8,0.0,1.0,1.0,65099.0
8,158.0,4,1,1.0,1.0,0.0,205400.0
2,66.0,3,2,1.0,1.0,1.0,75000.0
2,58.0,2,5,1.0,1.0,0.0,62500.0
2,85.0,4,11,1.0,1.0,1.0,78500.0
8,88.0,3,2,1.0,1.0,1.0,92400.0
5,64.0,4,0,0.0,1.0,1.0,63000.0
6,56.0,3,6,1.0,1.0,1.0,60480.0
6,44.0,2,0,0.0,1.0,1.0,43500.0
8,46.0,2,1,1.0,1.0,1.0,50600.0
8,78.0,3,2,1.0,1.0,1.0,90000.0
5,65.0,3,6,1.0,1.0,0.0,68250.0
8,76.0,4,2,1.0,1.0,1.0,98800.0
8,57.0,2,5,1.0,1.0,1.0,65550.0
6,130.0,4,2,1.0,1.0,0.0,150000.0
8,140.0,4,1,1.0,1.0,1.0,190000.0
8,72.0,3,2,1.0,1.0,0.0,90000.0
8,30.0,1,1,1.0,1.0,1.0,40500.0
8,43.0,2,1,1.0,1.0,1.0,49950.0
8,94.0,4,6,1.0,1.0,1.0,120000.0
8,27.0,"1,5",6,1.0,1.0,1.0,34000.0
6,63.0,2,4,1.0,1.0,1.0,65000.0
8,98.0,"3,5",2,0.0,1.0,1.0,110000.0
36,51.0,3,3,1.0,1.0,1.0,45360.0
2,60.0,3,4,1.0,1.0,1.0,51000.0
6,70.0,3,0,0.0,1.0,0.0,75000.0
6,53.0,2,3,1.0,1.0,1.0,66300.0
8,95.0,4,9,1.0,1.0,1.0,95000.0
2,58.0,2,4,1.0,1.0,1.0,52000.0
2,68.0,2,9,1.0,1.0,1.0,55000.0
2,96.0,3,4,1.0,1.0,0.0,99000.0
1,52.0,"2,5",1,1.0,1.0,1.0,49000.0
2,57.0,2,7,1.0,1.0,1.0,46000.0
8,75.0,3,6,1.0,1.0,1.0,97000.0
8,91.0,2,2,0.0,1.0,1.0,95000.0
1,75.0,4,4,0.0,1.0,1.0,43500.0
8,90.0,3,9,1.0,1.0,1.0,106000.0
1,110.0,4,0,0.0,0.0,1.0,65000.0
8,88.0,"3,5",5,0.0,1.0,1.0,88000.0
8,43.0,2,3,1.0,1.0,1.0,55000.0
6,59.0,2,1,1.0,1.0,0.0,72500.0
6,71.0,3,6,1.0,1.0,0.0,74550.0
6,76.0,3,3,1.0,1.0,0.0,95000.0
6,56.0,"2,5",4,0.0,0.0,0.0,38000.0
8,43.0,2,4,1.0,1.0,1.0,47300.0
8,74.0,3,0,1.0,1.0,1.0,75000.0
8,80.0,"3,5",0,1.0,1.0,1.0,79000.0
2,72.0,3,1,1.0,1.0,1.0,68000.0
8,130.0,4,9,1.0,1.0,1.0,130000.0
5,57.0,2,7,1.0,1.0,0.0,55000.0
5,57.0,2,7,1.0,1.0,0.0,55000.0
2,105.0,4,7,1.0,1.0,1.0,93450.0
8,60.0,"2,5",4,1.0,1.0,1.0,83000.0
2,60.0,3,3,0.0,1.0,1.0,50500.0
8,72.0,3,6,1.0,1.0,1.0,73440.0
2,73.0,3,4,1.0,1.0,1.0,80000.0
6,57.0,3,2,1.0,1.0,1.0,54150.0
6,50.0,2,2,0.0,1.0,1.0,48000.0
6,50.0,2,1,1.0,1.0,1.0,55000.0
2,81.0,3,4,0.0,1.0,0.0,59990.0
5,35.0,2,0,1.0,1.0,1.0,8000.0
5,59.0,3,2,1.0,1.0,1.0,56050.0
6,80.0,3,2,1.0,1.0,1.0,93900.0
8,55.0,2,3,1.0,1.0,1.0,65000.0
8,70.0,3,5,0.0,1.0,0.0,52000.0
5,28.0,1,4,1.0,1.0,1.0,30800.0
6,70.0,3,1,1.0,1.0,1.0,87500.0
8,54.0,2,5,1.0,1.0,0.0,64500.0
6,76.0,3,1,1.0,1.0,1.0,90000.0
8,60.0,3,2,1.0,1.0,0.0,84000.0
8,83.0,2,5,1.0,1.0,0.0,97000.0
5,54.0,3,1,1.0,1.0,1.0,54000.0
6,40.0,1,8,1.0,1.0,0.0,42000.0
6,66.0,3,5,1.0,1.0,1.0,69300.0
8,55.0,2,2,1.0,1.0,1.0,113000.0
6,44.0,2,1,1.0,1.0,1.0,44000.0
8,140.0,4,2,1.0,1.0,1.0,150000.0
8,74.0,4,1,1.0,1.0,1.0,85100.0
6,40.0,2,8,1.0,1.0,1.0,42500.0
8,66.0,3,5,1.0,1.0,1.0,69300.0
6,65.0,3,2,1.0,1.0,1.0,68250.0
5,70.0,3,2,0.0,1.0,1.0,57100.0
8,98.0,"3,5",2,0.0,1.0,1.0,110000.0
2,61.0,2,0,1.0,1.0,1.0,55000.0
6,70.0,3,0,1.0,1.0,1.0,66500.0
1,68.0,3,2,0.0,1.0,1.0,52000.0
6,80.0,3,2,1.0,1.0,1.0,90400.0
8,94.0,4,2,1.0,1.0,1.0,103400.0
8,42.0,2,1,1.0,1.0,1.0,58800.0
6,40.0,2,8,1.0,1.0,1.0,42000.0
5,46.0,"2,5",2,1.0,1.0,1.0,50600.0
5,40.0,"2,5",4,1.0,1.0,1.0,40000.0
8,58.0,3,3,1.0,1.0,1.0,63800.0
2,78.0,2,11,1.0,1.0,0.0,64000.0
5,65.0,3,5,1.0,1.0,1.0,55250.0
8,76.0,3,4,1.0,1.0,1.0,74328.0
5,97.0,2,5,1.0,1.0,0.0,70000.0
8,51.0,3,3,0.0,1.0,0.0,58500.0
8,72.0,3,3,1.0,1.0,1.0,90000.0
8,81.0,3,7,1.0,1.0,1.0,81000.0
8,63.0,3,4,1.0,1.0,1.0,69300.0
8,38.0,"1,5",8,1.0,1.0,1.0,41800.0
6,28.0,1,-1,0.0,1.0,0.0,19500.0
5,93.0,3,4,0.0,1.0,1.0,62000.0
2,97.0,3,4,0.0,1.0,0.0,71000.0
8,59.0,3,1,1.0,1.0,0.0,81420.0
30,51.0,3,8,1.0,1.0,1.0,34000.0
8,85.0,2,2,1.0,1.0,0.0,110500.0
8,42.0,2,3,1.0,1.0,1.0,46200.0
8,85.0,"3,5",1,1.0,1.0,1.0,85000.0
2,52.0,2,1,1.0,1.0,1.0,52000.0
6,80.0,5,0,1.0,1.0,1.0,85000.0
11,60.0,2,1,0.0,1.0,1.0,31000.0
30,94.0,4,3,1.0,1.0,1.0,71000.0
30,71.0,"3,5",1,0.0,0.0,1.0,46000.0
8,43.0,2,6,1.0,1.0,1.0,33000.0
5,45.0,"2,5",2,1.0,1.0,1.0,48000.0
8,70.0,3,3,1.0,1.0,1.0,90000.0
6,80.0,2,1,1.0,1.0,0.0,94000.0
6,90.0,"3,5",4,0.0,1.0,1.0,88000.0
8,88.0,4,1,1.0,1.0,0.0,109900.0
6,37.0,1,2,1.0,1.0,0.0,40700.0
6,81.0,3,3,1.0,1.0,1.0,90000.0
2,85.0,3,7,1.0,1.0,1.0,70000.0
2,58.0,3,1,1.0,1.0,1.0,68440.0
6,69.0,3,0,1.0,1.0,1.0,76000.0
8,84.0,3,2,1.0,1.0,1.0,105000.0
6,70.0,3,2,1.0,1.0,1.0,84000.0
6,50.0,3,1,0.0,1.0,1.0,44000.0
6,80.0,3,7,1.0,1.0,1.0,115000.0
2,27.0,1,1,1.0,1.0,1.0,29700.0
30,86.0,"3,5",6,1.0,1.0,1.0,51000.0
30,56.0,"2,5",4,0.0,1.0,1.0,33000.0
30,58.0,"2,5",0,0.0,1.0,1.0,43000.0
11,52.0,3,4,0.0,1.0,1.0,36000.0
2,50.0,2,9,1.0,1.0,1.0,52000.0
8,100.0,4,0,0.0,1.0,1.0,100000.0
2,52.0,2,1,0.0,1.0,1.0,39000.0
6,37.0,2,5,1.0,1.0,0.0,42000.0
5,62.0,2,5,1.0,1.0,0.0,58900.0
2,73.0,3,4,1.0,1.0,1.0,80000.0
8,47.0,2,3,1.0,1.0,1.0,57000.0
11,66.0,"2,5",5,0.0,1.0,1.0,39000.0
30,56.0,3,4,0.0,1.0,1.0,34000.0
8,90.0,3,6,1.0,1.0,1.0,103500.0
8,51.0,2,3,0.0,1.0,0.0,57000.0
8,85.0,3,0,1.0,1.0,1.0,81000.0
8,59.0,3,4,1.0,1.0,1.0,64900.0
8,42.0,2,3,1.0,1.0,1.0,46200.0
2,59.0,"2,5",5,1.0,1.0,1.0,53000.0
8,65.0,"2,5",3,0.0,1.0,0.0,58000.0
2,50.0,1,9,1.0,1.0,0.0,52000.0
8,86.0,"3,5",1,1.0,1.0,1.0,94600.0
11,67.0,"2,5",3,1.0,1.0,1.0,45000.0
30,87.0,"2,5",4,0.0,1.0,1.0,43500.0
30,90.0,3,4,1.0,1.0,1.0,66000.0
11,52.0,2,4,0.0,1.0,1.0,36000.0
8,56.0,2,3,1.0,1.0,1.0,53000.0
5,30.0,1,8,1.0,1.0,0.0,30000.0
2,40.0,2,7,1.0,1.0,1.0,10000.0
8,84.0,3,4,1.0,1.0,1.0,77000.0
8,57.0,3,6,1.0,1.0,1.0,61560.0
1,65.0,3,100,1.0,1.0,0.0,58500.0
2,39.0,2,4,1.0,1.0,1.0,39000.0
5,92.0,4,2,0.0,1.0,1.0,87000.0
6,103.0,4,12,1.0,1.0,1.0,87000.0
30,57.0,"2,5",2,0.0,1.0,1.0,40000.0
30,31.0,"1,5",3,0.0,1.0,1.0,21000.0
6,81.0,3,1,1.0,1.0,1.0,88000.0
8,157.0,4,6,1.0,1.0,1.0,152400.0
8,128.0,4,5,1.0,1.0,1.0,136960.0
2,80.0,3,2,1.0,1.0,1.0,73000.0
6,85.0,3,2,0.0,1.0,1.0,107950.0
2,45.0,2,4,0.0,1.0,1.0,45000.0
8,45.0,3,0,0.0,1.0,1.0,12000.0
36,58.0,3,1,0.0,1.0,1.0,38000.0
2,43.0,1,9,1.0,1.0,1.0,45150.0
1,59.0,3,2,0.0,1.0,1.0,59000.0
5,71.0,1,2,1.0,1.0,1.0,57600.0
8,86.0,3,10,1.0,1.0,0.0,95000.0
8,87.0,3,10,1.0,1.0,1.0,102000.0
30,74.0,3,4,0.0,1.0,1.0,48000.0
30,22.0,"1,5",7,1.0,1.0,1.0,23000.0
8,72.0,3,5,1.0,1.0,1.0,75000.0
5,65.0,3,6,1.0,1.0,1.0,56550.0
5,66.0,2,6,1.0,1.0,0.0,50000.0
5,50.0,2,7,1.0,1.0,1.0,50000.0
5,65.0,3,7,1.0,1.0,1.0,56550.0
30,72.0,3,3,0.0,1.0,1.0,51000.0
2,88.0,"3,5",1,0.0,1.0,1.0,86000.0
2,68.0,3,4,1.0,1.0,0.0,72000.0
8,115.0,4,2,1.0,1.0,0.0,115000.0
2,68.0,3,2,0.0,1.0,0.0,64600.0
6,59.0,1,4,1.0,1.0,0.0,70000.0
8,136.0,5,3,0.0,1.0,0.0,150000.0
36,61.0,2,10,1.0,1.0,0.0,54000.0
8,52.0,3,2,1.0,1.0,0.0,65900.0
2,97.0,"3,5",4,0.0,1.0,1.0,83000.0
6,52.0,3,6,1.0,1.0,0.0,55200.0
6,49.0,2,4,1.0,1.0,1.0,59000.0
6,66.0,3,7,1.0,1.0,1.0,63360.0
30,90.0,4,1,0.0,1.0,1.0,62000.0
30,60.0,"2,5",5,0.0,1.0,1.0,35000.0
6,125.0,4,5,1.0,1.0,0.0,135000.0
8,130.0,4,6,1.0,1.0,1.0,104000.0
6,135.0,3,8,1.0,1.0,0.0,140000.0
30,50.0,"2,5",3,0.0,1.0,1.0,32000.0
8,100.0,3,2,0.0,1.0,1.0,109000.0
6,56.0,3,4,0.0,1.0,1.0,44000.0
5,64.0,2,6,1.0,1.0,1.0,55000.0
6,103.0,4,12,1.0,1.0,1.0,87000.0
8,126.0,4,1,0.0,1.0,0.0,110000.0
30,71.0,4,4,0.0,1.0,1.0,41000.0
8,85.0,3,0,1.0,1.0,0.0,97750.0
6,68.0,3,3,0.0,1.0,1.0,78200.0
8,108.0,3,1,1.0,1.0,1.0,113400.0
5,25.0,3,100,1.0,0.0,0.0,25000.0
8,130.0,4,7,1.0,1.0,1.0,143000.0
8,120.0,4,5,1.0,1.0,1.0,120000.0
5,60.0,"2,5",1,0.0,1.0,1.0,7000.0
2,91.0,3,4,1.0,1.0,0.0,86450.0
5,45.0,1,2,1.0,1.0,0.0,47200.0
6,80.0,3,1,1.0,1.0,0.0,93600.0
2,72.0,3,5,1.0,1.0,1.0,80000.0
6,63.0,2,4,1.0,1.0,1.0,60000.0
2,60.0,"2,5",4,1.0,1.0,1.0,55000.0
8,76.0,3,2,0.0,1.0,1.0,83600.0
8,74.0,3,0,1.0,1.0,1.0,75000.0
36,50.0,2,1,1.0,1.0,1.0,7800.0
1,41.0,2,2,1.0,1.0,1.0,30000.0
2,105.0,3,5,1.0,1.0,1.0,95250.0
5,74.0,"4,5",14,1.0,1.0,1.0,69000.0
5,61.0,"2,5",4,0.0,1.0,1.0,49500.0
8,25.0,1,0,0.0,1.0,1.0,32000.0
6,78.0,3,0,1.0,1.0,1.0,120000.0
6,45.0,2,9,1.0,1.0,1.0,54000.0
8,63.0,3,1,0.0,1.0,0.0,80000.0
2,68.0,3,4,1.0,1.0,1.0,71500.0
8,65.0,3,2,1.0,1.0,1.0,78000.0
30,55.0,2,3,0.0,1.0,1.0,39000.0
8,55.0,2,6,1.0,1.0,1.0,63250.0
2,68.0,"2,5",9,1.0,1.0,1.0,55000.0
8,88.0,3,3,0.0,1.0,0.0,96800.0
2,79.0,4,7,1.0,1.0,0.0,81370.0
8,30.0,2,-1,0.0,0.0,0.0,5000.0
5,68.0,3,1,1.0,1.0,1.0,60500.0
6,64.0,3,6,1.0,1.0,1.0,55000.0
6,76.0,3,1,1.0,1.0,0.0,91200.0
8,52.0,2,5,1.0,1.0,1.0,67600.0
8,67.0,3,1,1.0,1.0,1.0,75000.0
8,51.0,2,1,1.0,1.0,0.0,67500.0
8,115.0,4,2,1.0,1.0,0.0,115000.0
1,40.0,2,2,0.0,0.0,0.0,40000.0
2,90.0,4,5,1.0,1.0,1.0,77000.0
6,85.0,4,0,1.0,1.0,0.0,98000.0
5,72.0,3,1,1.0,1.0,0.0,67000.0
5,74.0,3,0,0.0,1.0,1.0,80000.0
2,78.0,3,7,1.0,1.0,1.0,78000.0
30,77.0,3,0,0.0,1.0,1.0,55000.0
5,82.0,2,4,0.0,1.0,0.0,63500.0
8,70.0,2,1,1.0,1.0,0.0,84000.0
8,71.0,3,5,1.0,1.0,1.0,51900.0
8,104.0,3,0,0.0,1.0,1.0,92900.0
30,90.0,3,3,1.0,1.0,1.0,65000.0
8,78.0,2,3,1.0,0.0,0.0,54500.0
6,92.0,"3,5",9,1.0,1.0,1.0,81880.0
5,93.0,"4,5",1,1.0,1.0,1.0,77000.0
2,51.0,2,5,1.0,1.0,1.0,52000.0
8,76.0,"3,5",0,1.0,1.0,1.0,94000.0
6,98.0,4,5,1.0,1.0,0.0,80000.0
36,53.0,2,5,0.0,1.0,1.0,30000.0
2,58.0,2,5,1.0,1.0,0.0,62500.0
8,103.0,3,6,1.0,1.0,0.0,120000.0
30,99.0,3,5,0.0,1.0,1.0,50000.0
8,54.0,3,8,1.0,1.0,1.0,58500.0
8,64.0,2,7,1.0,1.0,1.0,55000.0
2,78.0,4,5,0.0,1.0,1.0,60000.0
2,51.0,2,9,1.0,1.0,0.0,53000.0
2,43.0,"1,5",0,1.0,1.0,1.0,50000.0
6,103.0,4,5,1.0,1.0,1.0,110000.0
5,64.0,2,6,1.0,1.0,1.0,60000.0
2,42.0,1,1,0.0,0.0,0.0,40000.0
5,72.0,3,4,0.0,1.0,1.0,49000.0
6,98.0,4,5,1.0,1.0,0.0,80000.0
6,103.0,4,12,1.0,1.0,1.0,87000.0
5,61.0,"2,5",1,0.0,1.0,1.0,56000.0
2,74.0,3,2,1.0,1.0,1.0,69560.0
8,66.0,4,0,0.0,1.0,1.0,63000.0
2,67.0,2,9,1.0,1.0,1.0,62000.0
6,80.0,3,1,1.0,1.0,1.0,92000.0
6,88.0,3,1,1.0,1.0,1.0,110000.0
1,58.0,2,4,0.0,1.0,1.0,44000.0
2,95.0,4,5,1.0,1.0,1.0,89000.0
2,56.0,4,1,1.0,1.0,1.0,64000.0
36,59.0,1,4,1.0,1.0,0.0,50000.0
8,155.0,4,2,1.0,1.0,1.0,168000.0
2,66.0,"2,5",8,1.0,1.0,0.0,55000.0
8,95.0,3,4,1.0,1.0,1.0,114000.0
8,58.0,2,0,1.0,1.0,1.0,72500.0
8,100.0,4,1,1.0,1.0,1.0,98000.0
2,111.0,"4,5",7,1.0,1.0,1.0,116550.0
5,68.0,3,3,1.0,1.0,1.0,51000.0
2,70.0,3,6,1.0,1.0,1.0,66500.0
2,81.0,4,2,0.0,1.0,1.0,70000.0
8,57.0,2,3,0.0,1.0,1.0,60000.0
5,65.0,2,3,0.0,1.0,0.0,60000.0
2,79.0,4,7,1.0,1.0,0.0,81370.0
6,53.0,2,3,0.0,1.0,1.0,53000.0
6,87.0,"3,5",3,1.0,1.0,1.0,85000.0
5,50.0,2,2,0.0,1.0,0.0,55000.0
8,70.0,3,1,0.0,1.0,1.0,70000.0
36,80.0,"3,5",6,0.0,1.0,1.0,51000.0
10,42.0,2,3,1.0,1.0,1.0,39900.0
8,72.0,3,6,1.0,1.0,0.0,79200.0
2,78.0,3,4,1.0,1.0,1.0,75000.0
6,87.0,3,3,1.0,1.0,1.0,95700.0
5,55.0,3,1,1.0,1.0,0.0,61500.0
5,68.0,3,1,1.0,1.0,0.0,75500.0
6,40.0,2,3,0.0,1.0,1.0,43000.0
2,126.0,3,2,0.0,1.0,1.0,151200.0
2,80.0,2,1,1.0,1.0,1.0,95000.0
2,56.0,2,0,1.0,1.0,0.0,58800.0
6,72.0,"3,5",3,0.0,1.0,0.0,65000.0
2,72.0,3,1,0.0,1.0,0.0,76000.0
6,40.0,2,1,1.0,1.0,0.0,46000.0
6,116.0,"3,5",2,0.0,1.0,1.0,121800.0
5,72.0,"3,5",1,1.0,1.0,1.0,57000.0
8,112.0,4,1,0.0,1.0,1.0,100000.0
5,49.0,2,5,1.0,1.0,1.0,49000.0
8,49.0,2,3,0.0,1.0,0.0,54000.0
8,74.0,3,0,1.0,1.0,1.0,81000.0
2,65.0,3,8,1.0,1.0,1.0,61000.0
6,78.0,3,1,0.0,1.0,1.0,92000.0
2,85.0,"3,5",100,0.0,1.0,1.0,60800.0
2,65.0,3,9,1.0,1.0,1.0,61000.0
5,49.0,2,0,1.0,1.0,1.0,45000.0
8,130.0,4,3,0.0,1.0,1.0,97000.0
8,112.0,4,1,0.0,1.0,1.0,98000.0
2,83.0,3,3,0.0,1.0,1.0,78850.0
1,57.0,2,1,0.0,1.0,1.0,47310.0
5,27.0,2,1,1.0,1.0,1.0,29700.0
5,30.0,2,1,1.0,1.0,1.0,33000.0
1,52.0,3,0,0.0,1.0,0.0,46000.0
2,67.0,2,2,1.0,1.0,0.0,71020.0
8,49.0,2,3,0.0,1.0,0.0,55000.0
6,54.0,2,2,1.0,1.0,1.0,57240.0
5,56.0,1,3,1.0,1.0,0.0,50000.0
5,82.0,3,5,1.0,1.0,1.0,75000.0
5,76.0,4,7,1.0,1.0,1.0,77000.0
6,40.0,"1,5",3,0.0,1.0,1.0,43000.0
8,88.0,3,14,1.0,1.0,0.0,73000.0
2,70.0,3,6,1.0,1.0,0.0,66500.0
2,82.0,3,3,1.0,1.0,1.0,65000.0
2,77.0,4,2,1.0,1.0,1.0,79310.0
8,70.0,3,2,1.0,1.0,1.0,91000.0
8,63.0,3,2,1.0,1.0,1.0,81900.0
8,63.0,3,1,1.0,1.0,1.0,81900.0
8,67.0,3,1,1.0,1.0,1.0,87100.0
5,85.0,4,0,0.0,0.0,1.0,65000.0
5,48.0,2,3,1.0,1.0,0.0,50900.0
2,62.0,3,3,1.0,1.0,1.0,62000.0
5,63.0,3,4,1.0,1.0,0.0,66780.0
8,95.0,3,2,0.0,1.0,1.0,4086.0
8,90.0,3,3,1.0,1.0,1.0,116000.0
6,51.0,2,4,0.0,1.0,1.0,45000.0
5,90.0,"4,5",1,1.0,1.0,1.0,73000.0
2,48.0,2,4,1.0,1.0,1.0,53500.0
6,62.0,3,1,1.0,1.0,1.0,68200.0
8,59.0,3,1,0.0,1.0,0.0,80000.0
2,57.0,2,4,0.0,0.0,0.0,38190.0
30,51.0,3,8,1.0,1.0,1.0,34000.0
5,25.0,3,100,1.0,0.0,0.0,25000.0
8,126.0,4,1,0.0,1.0,1.0,110000.0
2,76.0,4,7,1.0,1.0,1.0,62000.0
8,67.0,3,0,0.0,1.0,1.0,77050.0
5,130.0,5,6,1.0,1.0,1.0,120000.0
6,78.0,3,7,1.0,1.0,0.0,65000.0
10,36.0,2,3,1.0,1.0,1.0,34200.0
10,47.0,2,3,1.0,1.0,1.0,44650.0
10,49.0,2,2,0.0,1.0,0.0,55000.0
1,43.0,2,5,1.0,1.0,0.0,35500.0
6,98.0,4,4,1.0,1.0,0.0,80000.0
2,40.0,"2,5",8,1.0,1.0,1.0,39500.0
5,60.0,3,12,1.0,1.0,1.0,60000.0
8,92.0,3,2,0.0,1.0,1.0,91000.0
1,67.0,"2,5",5,0.0,1.0,0.0,46000.0
1,65.0,2,2,1.0,1.0,0.0,65000.0
8,49.0,2,3,1.0,1.0,1.0,55000.0
1,51.0,2,2,0.0,1.0,1.0,45000.0
1,49.0,2,3,0.0,1.0,1.0,40000.0
1,75.0,3,4,0.0,1.0,1.0,60000.0
8,76.0,3,0,1.0,1.0,1.0,81000.0
6,65.0,2,5,1.0,1.0,1.0,58500.0
6,46.0,2,5,1.0,1.0,1.0,46000.0
5,50.0,3,3,0.0,1.0,1.0,46000.0
8,80.0,3,3,1.0,1.0,1.0,96000.0
5,98.0,4,4,0.0,1.0,1.0,70000.0
8,71.0,3,3,1.0,1.0,1.0,81650.0
8,70.0,3,2,1.0,1.0,1.0,84000.0
6,74.0,2,2,0.0,1.0,0.0,74000.0
30,51.0,3,8,1.0,1.0,1.0,34000.0
6,58.0,2,3,0.0,1.0,1.0,51000.0
6,61.0,3,6,1.0,1.0,1.0,67100.0
6,60.0,2,8,1.0,1.0,0.0,69000.0
5,38.0,2,5,0.0,1.0,1.0,36500.0
8,65.0,"3,5",1,0.0,1.0,1.0,56000.0
1,85.0,"3,5",2,0.0,0.0,1.0,70000.0
5,87.0,4,1,1.0,1.0,1.0,87000.0
5,51.0,3,7,1.0,1.0,0.0,53550.0
2,67.0,3,3,1.0,1.0,1.0,73700.0
2,59.0,3,7,1.0,1.0,1.0,64310.0
6,50.0,3,3,0.0,1.0,0.0,53000.0
8,130.0,4,5,1.0,1.0,1.0,156000.0
6,62.0,3,2,1.0,1.0,0.0,65099.0
8,63.0,2,2,1.0,1.0,0.0,72450.0
8,88.0,"3,5",5,0.0,1.0,1.0,88000.0
8,66.0,3,2,1.0,1.0,1.0,79200.0
8,74.0,3,1,0.0,1.0,1.0,70700.0
8,74.0,3,0,1.0,1.0,1.0,81000.0
8,72.0,2,1,1.0,1.0,0.0,90000.0
6,135.0,4,3,0.0,1.0,1.0,147000.0
1,53.0,3,4,1.0,1.0,1.0,42000.0
1,66.0,3,0,1.0,1.0,1.0,54600.0
36,56.0,3,1,0.0,1.0,1.0,40000.0
2,45.0,2,5,1.0,1.0,1.0,38000.0
2,66.0,3,2,1.0,1.0,1.0,75000.0
8,60.0,3,2,1.0,1.0,0.0,84000.0
6,80.0,3,1,1.0,1.0,0.0,93000.0
2,48.0,2,4,1.0,1.0,1.0,53000.0
2,43.0,2,4,1.0,1.0,1.0,47300.0
8,41.0,2,3,1.0,1.0,1.0,38950.0
6,80.0,3,10,1.0,1.0,1.0,80000.0
5,49.0,2,4,1.0,1.0,1.0,60000.0
5,64.0,3,1,1.0,1.0,1.0,56000.0
8,53.0,2,6,1.0,1.0,0.0,60950.0
8,58.0,3,1,1.0,1.0,0.0,70760.0
8,128.0,4,5,1.0,1.0,1.0,136960.0
6,70.0,3,2,1.0,1.0,1.0,84000.0
6,50.0,2,1,1.0,1.0,1.0,60000.0
8,71.0,3,9,1.0,1.0,1.0,39050.0
8,77.0,3,1,1.0,1.0,1.0,80850.0
8,60.0,"2,5",11,1.0,1.0,1.0,52000.0
6,83.0,4,5,1.0,1.0,1.0,83000.0
6,55.0,2,3,0.0,1.0,1.0,53000.0
2,29.0,1,4,1.0,1.0,1.0,35000.0
6,34.0,"1,5",3,1.0,1.0,1.0,37400.0
5,58.0,3,0,1.0,1.0,1.0,52200.0
11,60.0,3,4,0.0,1.0,1.0,33000.0
11,60.0,3,4,0.0,1.0,1.0,33000.0
8,89.0,3,6,1.0,1.0,0.0,89000.0
8,57.0,3,3,1.0,1.0,1.0,51300.0
8,40.0,2,0,0.0,1.0,1.0,25000.0
6,65.0,2,5,1.0,1.0,1.0,58500.0
2,73.0,2,2,1.0,1.0,0.0,65000.0
5,49.0,1,3,0.0,1.0,0.0,43000.0
8,60.0,3,1,1.0,1.0,1.0,70000.0
